"Company","Category","Track","Title","Location","URL","Source","PostedAt","Notes"
"Analysis Group","Litigation, Antitrust & Damages","Entry-level","Title Analyst - Accounting (2027 Start Date)","US-MA-Boston | US-IL-Chicago | US-TX-Dallas | US-CO-Denver | US-CA-Los Angeles | US-NY-New York | US-CA-San Francisco | US-DC-Washington, DC","https://analystcareers-analysisgroup.icims.com/jobs/3020/job","Official ATS iCIMS:analystcareers-analysisgroup","","timing: 2027"
"Analysis Group","Litigation, Antitrust & Damages","Entry-level","Title Analyst - Generalist - London (2027 Start Date)","UK-London","https://analystcareers-analysisgroup.icims.com/jobs/2956/job","Official ATS iCIMS:analystcareers-analysisgroup","","timing: 2027"
"Analysis Group","Litigation, Antitrust & Damages","Entry-level","Title Analyst - Generalist (2027 Start Date)","US-MA-Boston | US-IL-Chicago | US-CO-Denver | US-CA-Los Angeles","https://analystcareers-analysisgroup.icims.com/jobs/3004/job","Official ATS iCIMS:analystcareers-analysisgroup","","timing: 2027"
"Analysis Group","Litigation, Antitrust & Damages","Entry-level","Title Analyst - Health Care (HEOR, Epidemiology & Market Access) - Beijing (2027 Start Date)","CN-Beijing","https://analystcareers-analysisgroup.icims.com/jobs/2990/job","Official ATS iCIMS:analystcareers-analysisgroup","","timing: 2027"
"Analysis Group","Litigation, Antitrust & Damages","Internship","Title Analyst Intern - Health Care (HEOR, Epidemiology & Market Access) - Beijing (2027 Start Date)","FR-Paris","https://analystcareers-analysisgroup.icims.com/jobs/3008/job","Official ATS iCIMS:analystcareers-analysisgroup","","timing: 2027"
"Analysis Group","Litigation, Antitrust & Damages","Internship","Title Analyst Intern - Health Care (HEOR, Epidemiology & Market Access) - Paris (2027 Start Date) / Stage - Analyste - &Eacute;conomie de la sant&eacute; et &eacute;pid&eacute;miologie - Paris (Date de d&eacute;but 2027)","UK-London","https://analystcareers-analysisgroup.icims.com/jobs/3014/job","Official ATS iCIMS:analystcareers-analysisgroup","","timing: 2027"
"Analysis Group","Litigation, Antitrust & Damages","Internship","Title Associate Intern - Health Care (HEOR, Epidemiology & Market Access) - London (2027 Start Date)","","https://associatecareers-analysisgroup.icims.com/jobs/3029/job","Official ATS iCIMS:associatecareers-analysisgroup","","timing: 2027"
"Analysis Group","Litigation, Antitrust & Damages","Internship","Title Associate Intern - Health Care (HEOR, Epidemiology & Market Access) - Montreal / Toronto (2027 Start Date) | Stage - Responsable de projets - &Eacute;conomie de la sant&eacute;, biostatistique, et &eacute;pid&eacute;miologie - Montr&eacute;al / Toronto (Date de d&eacute;but 2027)","UK-London","https://associatecareers-analysisgroup.icims.com/jobs/3066/job","Official ATS iCIMS:associatecareers-analysisgroup","","timing: 2027"
"Analysis Group","Litigation, Antitrust & Damages","Internship","Title Summer Analyst Intern - Accounting (2027 Start Date)","US-MA-Boston | US-CA-Los Angeles | US-CA-San Francisco | US-NY-New York","https://analystcareers-analysisgroup.icims.com/jobs/3021/job","Official ATS iCIMS:analystcareers-analysisgroup","","timing: 2027"
"Analysis Group","Litigation, Antitrust & Damages","Internship","Title Summer Analyst Intern - Generalist (2027 Start Date)","US-MA-Boston | US-IL-Chicago | US-CO-Denver | US-CA-Los Angeles","https://analystcareers-analysisgroup.icims.com/jobs/3005/job","Official ATS iCIMS:analystcareers-analysisgroup","","timing: 2027"
"Analysis Group","Litigation, Antitrust & Damages","Internship","Title Summer Analyst Intern - Health Care (HEOR, Epidemiology & Market Access) (2027 Start Date)","CA-QC-Montreal | CA-ON-Toronto","https://analystcareers-analysisgroup.icims.com/jobs/3064/job","Official ATS iCIMS:analystcareers-analysisgroup","","timing: 2027"
"Analysis Group","Litigation, Antitrust & Damages","Internship","Title Summer Associate Intern - Health Care (HEOR, Epidemiology & Market Access) (2027 Start Date)","CA-QC-Montreal | CA-ON-Toronto","https://associatecareers-analysisgroup.icims.com/jobs/3067/job","Official ATS iCIMS:associatecareers-analysisgroup","","timing: 2027"
"Analysis Group","Litigation, Antitrust & Damages","Internship","Title Summer Research Professional Intern - Generalist - Montreal/Toronto (2027 Start Date) | Stage d&rsquo;&eacute;t&eacute; - Professionnel de recherche - G&eacute;n&eacute;raliste - Montr&eacute;al/Toronto (Date de d&eacute;but 2027)","CA-QC-Montreal | CA-ON-Toronto","https://analystcareers-analysisgroup.icims.com/jobs/3007/job","Official ATS iCIMS:analystcareers-analysisgroup","","timing: 2027"
"Analysis Group","Litigation, Antitrust & Damages","Internship","Title Summer Research Professional Intern-Health Care (HEOR, Epidemiology & Market Access) -Montreal/Toronto (2027 Start Date) | Stage d&rsquo;&eacute;t&eacute;-Professionnel de recherche-&Eacute;conomie de la sant&eacute;, biostatistique, et &eacute;pid&eacute;miologie - Montr&eacute;al/Toronto (Date de d&eacute;but 2027)","CN-Beijing","https://analystcareers-analysisgroup.icims.com/jobs/3065/job","Official ATS iCIMS:analystcareers-analysisgroup","","timing: 2027"
"Ankura","Litigation, Antitrust & Damages","Internship","Internship 2027, Disputes & Economics","UAE Dubai DIFC","https://ankura.wd5.myworkdayjobs.com/Ankura/job/UAE-Dubai-DIFC/Internship-2027--Disputes---Economics_R105055","Official ATS Workday:ankura/Ankura","Posted 4 Days Ago","timing: 2027"
"Ankura","Litigation, Antitrust & Damages","Internship","Summer Internship 2027, Construction, Disputes & Advisory (Graduate Programme conversion September 2028)","UK London","https://ankura.wd5.myworkdayjobs.com/Ankura/job/UK-London/Summer-Internship-2027--Construction--Disputes---Advisory--Graduate-Programme-conversion-September-2028-_R105050","Official ATS Workday:ankura/Ankura","Posted 4 Days Ago","timing: 2027"
"Ankura","Litigation, Antitrust & Damages","Internship","Summer Internship 2027, Construction, Disputes & Advisory (Graduate Programme conversion September 2028)","UK London","https://ankura.wd5.myworkdayjobs.com/Ankura/job/UK-London/Summer-Internship-2027--Construction--Disputes---Advisory--Graduate-Programme-conversion-September-2028-_R105051","Official ATS Workday:ankura/Ankura","Posted 4 Days Ago","timing: 2027"
"Ankura","Litigation, Antitrust & Damages","Internship","University Intern, Construction, Disputes & Advisory","Los Angeles, CA","https://ankura.wd5.myworkdayjobs.com/Ankura/job/Los-Angeles-CA/University-Intern--Construction--Disputes---Advisory_R104963","Official ATS Workday:ankura/Ankura","Posted 12 Days Ago","timing not stated in title"
"Ankura","Litigation, Antitrust & Damages","Internship","University Intern, Construction, Disputes & Advisory","2 Locations","https://ankura.wd5.myworkdayjobs.com/Ankura/job/Phoenix-AZ/University-Intern--Construction--Disputes---Advisory_R104967-1","Official ATS Workday:ankura/Ankura","Posted 12 Days Ago","timing not stated in title"
"Ankura","Litigation, Antitrust & Damages","Internship","University Intern, Disputes & Economics","Los Angeles, CA","https://ankura.wd5.myworkdayjobs.com/Ankura/job/Los-Angeles-CA/University-Intern--Disputes---Economics_R104987","Official ATS Workday:ankura/Ankura","Posted 5 Days Ago","timing not stated in title"
"Ankura","Litigation, Antitrust & Damages","Internship","University Intern, Disputes & Economics - Financial Services Advisory","Washington D.C.","https://ankura.wd5.myworkdayjobs.com/Ankura/job/Washington-DC/University-Intern--Disputes---Economics---Financial-Services-Advisory_R104991","Official ATS Workday:ankura/Ankura","Posted 3 Days Ago","timing not stated in title"
"Ankura","Litigation, Antitrust & Damages","Internship","University Intern, Disputes & Economics - Financial Services Advisory","New York, NY","https://ankura.wd5.myworkdayjobs.com/Ankura/job/New-York-NY/University-Intern--Disputes---Economics---Financial-Services-Advisory_R104990","Official ATS Workday:ankura/Ankura","Posted 3 Days Ago","timing not stated in title"
"Ankura","Litigation, Antitrust & Damages","Internship","University Intern, Disputes & Economics - Financial Services Disputes","Washington D.C.","https://ankura.wd5.myworkdayjobs.com/Ankura/job/Washington-DC/University-Intern--Disputes---Economics---Financial-Services-Disputes_R104993","Official ATS Workday:ankura/Ankura","Posted Today","timing not stated in title"
"Ankura","Litigation, Antitrust & Damages","Internship","University Intern, Disputes & Economics - Financial Services Disputes","New York, NY","https://ankura.wd5.myworkdayjobs.com/Ankura/job/New-York-NY/University-Intern--Disputes---Economics---Financial-Services-Disputes_R104995","Official ATS Workday:ankura/Ankura","Posted Today","timing not stated in title"
"Ankura","Litigation, Antitrust & Damages","Internship","University Intern, Disputes & Economics - Valuation & Transaction Advisory","Chicago, IL","https://ankura.wd5.myworkdayjobs.com/Ankura/job/Chicago-IL/University-Intern--Disputes---Economics---Valuation---Transaction-Advisory_R104985","Official ATS Workday:ankura/Ankura","Posted 11 Days Ago","timing not stated in title"
"Aurora Energy Research","Energy & Environmental Economics","Entry-level","2027 Graduate Analyst Opportunity (Tokyo)","Tokyo, Japan","https://careers.auroraer.com/en/postings/6cce184a-db54-45aa-9c8b-ace0ca9fa093","Official ATS Pinpoint:careers.auroraer.com","","timing: 2027"
"Aurora Energy Research","Energy & Environmental Economics","Entry-level","2027 Graduate Analyst Program (Austin)","Austin, USA","https://careers.auroraer.com/en/postings/c5211d96-2d16-4823-b845-e1425240c8c6","Official ATS Pinpoint:careers.auroraer.com","","timing: 2027"
"Aurora Energy Research","Energy & Environmental Economics","Internship","Energy Advisory Intern","São Paulo, Brazil","https://careers.auroraer.com/en/postings/913b1659-17b7-41c4-b83b-250b22203176","Official ATS Pinpoint:careers.auroraer.com","","timing not stated in title"
"Aurora Energy Research","Energy & Environmental Economics","Internship","Energy Advisory Intern (with preference for women)","São Paulo, Brazil","https://careers.auroraer.com/en/postings/1fd2b096-c88f-4277-b708-7cad3a2a34f9","Official ATS Pinpoint:careers.auroraer.com","","timing not stated in title"
"Aurora Energy Research","Energy & Environmental Economics","Internship","Energy Modelling Intern","São Paulo, Brazil","https://careers.auroraer.com/en/postings/96f4257b-ede3-46cf-9f86-f4e9d2d6ab1b","Official ATS Pinpoint:careers.auroraer.com","","timing not stated in title"
"Aurora Energy Research","Energy & Environmental Economics","Internship","Energy Modelling Intern (with preference for women)","São Paulo, Brazil","https://careers.auroraer.com/en/postings/a55bdd2f-4511-4c41-97dd-aef1b096953b","Official ATS Pinpoint:careers.auroraer.com","","timing not stated in title"
"Aurora Energy Research","Energy & Environmental Economics","Internship","P&C Analyst (Intern)","Gurugram, India","https://careers.auroraer.com/en/postings/d80c8fae-ba4e-43c9-8e68-264b953aa9d0","Official ATS Pinpoint:careers.auroraer.com","","timing not stated in title"
"Aurora Energy Research","Energy & Environmental Economics","Internship","Research Intern (長期インターン)","Tokyo, Japan","https://careers.auroraer.com/en/postings/344b9f7d-deb5-4464-94fc-9e3e3623b099","Official ATS Pinpoint:careers.auroraer.com","","timing not stated in title"
"BDO (Transfer Pricing)","Transfer Pricing & Valuation","Internship","Advisory Associate, Forensic Technology - Summer 2027 (Atlanta, Boston, Chicago, New York, Greater Washington DC)","McLean, VA, United States; Atlanta, GA, United States; Boston, MA, United States; New York, NY, United States; Chicago, IL, United States","https://ebqb.fa.us2.oraclecloud.com/hcmUI/CandidateExperience/en/sites/CX_1001/job/13731","Official ATS Oracle:ebqb/CX_1001","2026-08-27","timing: Summer 2027"
"BDO (Transfer Pricing)","Transfer Pricing & Valuation","Internship","Advisory Intern, Forensic Technology - Summer 2027 (Atlanta, Boston, Chicago, New York, Greater Washington DC)","McLean, VA, United States; Atlanta, GA, United States; Boston, MA, United States; Chicago, IL, United States; New York, NY, United States","https://ebqb.fa.us2.oraclecloud.com/hcmUI/CandidateExperience/en/sites/CX_1001/job/13730","Official ATS Oracle:ebqb/CX_1001","2026-08-27","timing: Summer 2027"
"BDO (Transfer Pricing)","Transfer Pricing & Valuation","Internship","Tax Associate, Transfer Pricing - Summer 2027 (Atlanta)","Atlanta, GA, United States","https://ebqb.fa.us2.oraclecloud.com/hcmUI/CandidateExperience/en/sites/CX_1001/job/14014","Official ATS Oracle:ebqb/CX_1001","2026-09-14","timing: Summer 2027"
"BDO (Transfer Pricing)","Transfer Pricing & Valuation","Internship","Tax Associate, Transfer Pricing - Summer 2027 (Cleveland)","Cleveland, OH, United States; Akron, OH, United States","https://ebqb.fa.us2.oraclecloud.com/hcmUI/CandidateExperience/en/sites/CX_1001/job/13710","Official ATS Oracle:ebqb/CX_1001","2026-08-26","timing: Summer 2027"
"BDO (Transfer Pricing)","Transfer Pricing & Valuation","Internship","Tax Intern, Transfer Pricing - Summer 2027 (Boston)","Boston, MA, United States","https://ebqb.fa.us2.oraclecloud.com/hcmUI/CandidateExperience/en/sites/CX_1001/job/11921","Official ATS Oracle:ebqb/CX_1001","2026-03-17","timing: Summer 2027"
"BDO (Transfer Pricing)","Transfer Pricing & Valuation","Internship","Tax Intern, Transfer Pricing - Summer 2027 (Los Angeles)","Los Angeles, CA, United States","https://ebqb.fa.us2.oraclecloud.com/hcmUI/CandidateExperience/en/sites/CX_1001/job/13875","Official ATS Oracle:ebqb/CX_1001","2026-09-03","timing: Summer 2027"
"BDO (Transfer Pricing)","Transfer Pricing & Valuation","Internship","Tax Intern, Transfer Pricing - Summer 2027 (Miami)","Miami, FL, United States","https://ebqb.fa.us2.oraclecloud.com/hcmUI/CandidateExperience/en/sites/CX_1001/job/11763","Official ATS Oracle:ebqb/CX_1001","2026-09-28","timing: Summer 2027"
"Berkeley Research Group","Litigation, Antitrust & Damages","Internship","Intern (m/f/d) - Competition Economics (E.CA)","Berlin, GER","https://thinkbrg.wd5.myworkdayjobs.com/BRG_External_Career_Site/job/Berlin-GER/Intern--m-f-d----Competition-Economics--ECA-_JR101044","Official ATS Workday:thinkbrg/BRG_External_Career_Site","Posted 15 Days Ago","timing not stated in title"
"Berkeley Research Group","Litigation, Antitrust & Damages","Internship","Internship - Competition Economics (April 2027 Start)","Brussels, BEL","https://thinkbrg.wd5.myworkdayjobs.com/BRG_External_Career_Site/job/Brussels-BEL/Internship---Competition-Economics--April-2027-Start-_JR101116","Official ATS Workday:thinkbrg/BRG_External_Career_Site","Posted 7 Days Ago","timing: 2027"
"Berkeley Research Group","Litigation, Antitrust & Damages","Internship","Internship - Competition Economics (German Speaker)","Brussels, BEL","https://thinkbrg.wd5.myworkdayjobs.com/BRG_External_Career_Site/job/Brussels-BEL/Internship---Competition-Economics--German-Speaker-_JR100948","Official ATS Workday:thinkbrg/BRG_External_Career_Site","Posted 15 Days Ago","timing not stated in title"
"Capital Economics","Macro & Economic Research","Entry-level","Assistant Economist - Graduate Training Scheme","London, England, United Kingdom","https://apply.workable.com/capital-economics/j/7CA67FCD5A/","Official ATS Workable:capital-economics","2026-09-22T00:00:00.000Z","timing not stated in title"
"Charles River Associates","Litigation, Antitrust & Damages","Internship","(2028 Bachelor's/Master's graduates) Accounting/Business/Finance Consulting Analyst/Associate Intern (Summer 2027)","Boston, MA, United States; Chicago, IL, United States; Houston, Texas, United States; New York, NY, United States; Oakland, CA, United States","https://job-boards.greenhouse.io/charlesriverassociates/jobs/8160288","Official ATS Greenhouse:charlesriverassociates","2026-08-28T11:18:42-04:00","timing: Summer 2027; graduation years mentioned: 2027, 2028"
"Charles River Associates","Litigation, Antitrust & Damages","Internship","(2028 Bachelor's/Master's graduates) Cyber and Forensic Technology Consulting Analyst/Associate Intern (Summer 2027)","Boston, MA, United States; Chicago, IL, United States; Dallas, Texas, United States; Washington, DC, United States","https://job-boards.greenhouse.io/charlesriverassociates/jobs/8128811","Official ATS Greenhouse:charlesriverassociates","2026-08-28T11:19:51-04:00","timing: Summer 2027; graduation years mentioned: 2027, 2028"
"Charles River Associates","Litigation, Antitrust & Damages","Internship","(2028 Bachelor's/Master's graduates) Economics Consulting Analyst/Associate Intern (Summer 2027)","Boston, MA, United States; Chicago, IL, United States; New York, NY, United States; Oakland, CA, United States; Salt Lake City, UT, United States; Washington, DC, United States","https://job-boards.greenhouse.io/charlesriverassociates/jobs/8120300","Official ATS Greenhouse:charlesriverassociates","2026-08-28T11:15:25-04:00","timing: Summer 2027; graduation years mentioned: 2027, 2028"
"Charles River Associates","Litigation, Antitrust & Damages","Internship","(2028 Bachelor's/Master's graduates) Management Advisory Analyst/Associate Intern (Summer 2027)","Boston, MA, United States; New York, NY, United States","https://job-boards.greenhouse.io/charlesriverassociates/jobs/8120616","Official ATS Greenhouse:charlesriverassociates","2026-08-28T11:21:03-04:00","timing: Summer 2027; graduation years mentioned: 2027, 2028"
"Charles River Associates","Litigation, Antitrust & Damages","Internship","Intern (European Competition practice)","Brussels, Belgium","https://job-boards.greenhouse.io/charlesriverassociates/jobs/4467334","Official ATS Greenhouse:charlesriverassociates","2022-08-30T09:23:45-04:00","timing not stated in title"
"Charles River Associates","Litigation, Antitrust & Damages","Internship","Intern (European Competition practice) - m/f/d","Dusseldorf, Germany; Munich, Germany","https://job-boards.greenhouse.io/charlesriverassociates/jobs/5174914","Official ATS Greenhouse:charlesriverassociates","2023-07-13T09:30:41-04:00","timing not stated in title"
"Coherent Economics","Litigation, Antitrust & Damages","Internship","Research Analyst Intern Summer 2027","College Station, Texas, United States","https://job-boards.greenhouse.io/coherenteconomicsllc/jobs/4382013009","Official ATS Greenhouse:coherenteconomicsllc","2026-08-25T13:37:55-04:00","timing: Summer 2027"
"Compass Lexecon","Litigation, Antitrust & Damages","Internship","2027 Analyst Interns - US","5 Locations","https://fticonsulting.wd108.myworkdayjobs.com/CompassLexeconCareers/job/Chicago---CL/XMLNAME-2027-Analyst-Interns---US_JR261385","Official ATS Workday:fticonsulting/CompassLexeconCareers","Posted 10 Days Ago","timing: 2027"
"Compass Lexecon","Litigation, Antitrust & Damages","Entry-level","Analyst - Beijing - Q3 2026","Beijing, China","https://fticonsulting.wd108.myworkdayjobs.com/CompassLexeconCareers/job/Beijing-China/Analyst---Beijing---Q3-2026_JR260964","Official ATS Workday:fticonsulting/CompassLexeconCareers","Posted 24 Days Ago","timing: 2026"
"Compass Lexecon","Litigation, Antitrust & Damages","Entry-level","Analyst - Brussels - Q3 2026","Brussels, Belgium","https://fticonsulting.wd108.myworkdayjobs.com/CompassLexeconCareers/job/Brussels-Belgium/Analyst---Brussels---Q3-2026_JR260997","Official ATS Workday:fticonsulting/CompassLexeconCareers","Posted 7 Days Ago","timing: 2026"
"Compass Lexecon","Litigation, Antitrust & Damages","Internship","Intern | Competition Practice | Berlin","Berlin, Germany","https://fticonsulting.wd108.myworkdayjobs.com/CompassLexeconCareers/job/Berlin-Germany/Intern---Competition-Practice---Berlin_JR261308","Official ATS Workday:fticonsulting/CompassLexeconCareers","Posted 7 Days Ago","timing not stated in title"
"Compass Lexecon","Litigation, Antitrust & Damages","Internship","Intern | Competition Practice | Brussels","Brussels, Belgium","https://fticonsulting.wd108.myworkdayjobs.com/CompassLexeconCareers/job/Brussels-Belgium/Intern---Competition-Practice---Brussels_JR261310","Official ATS Workday:fticonsulting/CompassLexeconCareers","Posted 7 Days Ago","timing not stated in title"
"Compass Lexecon","Litigation, Antitrust & Damages","Internship","Intern | Competition Practice | Düsseldorf","Dusseldorf, Germany","https://fticonsulting.wd108.myworkdayjobs.com/CompassLexeconCareers/job/Dusseldorf-Germany/Intern---Competition-Practice---Dsseldorf_JR261312","Official ATS Workday:fticonsulting/CompassLexeconCareers","Posted 7 Days Ago","timing not stated in title"
"Compass Lexecon","Litigation, Antitrust & Damages","Internship","Intern | Competition Practice | Helsinki","Helsinki, Finland","https://fticonsulting.wd108.myworkdayjobs.com/CompassLexeconCareers/job/Helsinki-Finland/Intern---Competition-Practice---Helsinki_JR261314","Official ATS Workday:fticonsulting/CompassLexeconCareers","Posted 7 Days Ago","timing not stated in title"
"Compass Lexecon","Litigation, Antitrust & Damages","Internship","Intern | Competition Practice | Madrid","Madrid, Spain","https://fticonsulting.wd108.myworkdayjobs.com/CompassLexeconCareers/job/Madrid-Spain/Intern---Competition-Practice---Madrid_JR261344","Official ATS Workday:fticonsulting/CompassLexeconCareers","Posted 7 Days Ago","timing not stated in title"
"Compass Lexecon","Litigation, Antitrust & Damages","Internship","Intern | Competition Practice | Milan","Milan, Italy","https://fticonsulting.wd108.myworkdayjobs.com/CompassLexeconCareers/job/Milan-Italy/Intern---Competition-Practice---Milan_JR261355","Official ATS Workday:fticonsulting/CompassLexeconCareers","Posted 5 Days Ago","timing not stated in title"
"Compass Lexecon","Litigation, Antitrust & Damages","Internship","Intern | Competition Practice | Paris","Paris, France","https://fticonsulting.wd108.myworkdayjobs.com/CompassLexeconCareers/job/Paris-France/Intern---Competition-Practice---Paris_JR261357","Official ATS Workday:fticonsulting/CompassLexeconCareers","Posted 7 Days Ago","timing not stated in title"
"Compass Lexecon","Litigation, Antitrust & Damages","Internship","Intern | Energy Practice | Berlin","Berlin, Germany","https://fticonsulting.wd108.myworkdayjobs.com/CompassLexeconCareers/job/Berlin-Germany/Intern---Energy-Practice---Berlin_JR260415","Official ATS Workday:fticonsulting/CompassLexeconCareers","Posted 7 Days Ago","timing not stated in title"
"Compass Lexecon","Litigation, Antitrust & Damages","Internship","Intern | Energy Practice | Helsinki","Helsinki, Finland","https://fticonsulting.wd108.myworkdayjobs.com/CompassLexeconCareers/job/Helsinki-Finland/Intern---Energy-Practice---Helsinki_JR260519","Official ATS Workday:fticonsulting/CompassLexeconCareers","Posted 25 Days Ago","timing not stated in title"
"Compass Lexecon","Litigation, Antitrust & Damages","Internship","Intern | Energy Practice | London","London, United Kingdom","https://fticonsulting.wd108.myworkdayjobs.com/CompassLexeconCareers/job/London-United-Kingdom/Intern---Energy-Practice---London_JR261417","Official ATS Workday:fticonsulting/CompassLexeconCareers","Posted 5 Days Ago","timing not stated in title"
"Compass Lexecon","Litigation, Antitrust & Damages","Internship","Intern | Energy Practice | Paris","Paris, France","https://fticonsulting.wd108.myworkdayjobs.com/CompassLexeconCareers/job/Paris-France/Intern---Energy-Practice---Paris_JR261413","Official ATS Workday:fticonsulting/CompassLexeconCareers","Posted 6 Days Ago","timing not stated in title"
"Compass Lexecon","Litigation, Antitrust & Damages","Internship","Summer Intern | Competition Practice | London","London, United Kingdom","https://fticonsulting.wd108.myworkdayjobs.com/CompassLexeconCareers/job/London-United-Kingdom/Summer-Intern---Competition-Practice---London_JR261342","Official ATS Workday:fticonsulting/CompassLexeconCareers","Posted 7 Days Ago","timing: Summer"
"E.CA Economics","Competition & Regulatory (Europe)","Internship","Intern at Economics Consultancy (m/f/d)","Berlin","https://e-ca.jobs.personio.de/job/369975","Official ATS Personio:e-ca","2021-05-12T13:06:40+00:00","timing not stated in title"
"Eastern Research Group","Policy & Research Economics","Entry-level","Entry-Level Occupational Safety and Health Data Analyst","Fairfax, VA; Washington, DC; Arlington, VA; Alexandria, VA","https://jobs.lever.co/erg/26fdd838-c4ba-4538-825c-c16b36d18fe1","Official ATS Lever:erg","2026-09-22T17:38:01.711Z","timing not stated in title"
"Econ One","Litigation, Antitrust & Damages","Entry-level","Analyst (Healthcare Economics)","Los Angeles, California, United States","https://apply.workable.com/econ-one-research/j/2BCF058B45/","Official ATS Workable:econ-one-research","2026-09-22T00:00:00.000Z","timing not stated in title"
"Econ One","Litigation, Antitrust & Damages","Internship","Summer Analyst (Healthcare Economics)","Los Angeles, California, United States","https://apply.workable.com/econ-one-research/j/7F427BA76D/","Official ATS Workable:econ-one-research","2026-09-22T00:00:00.000Z","timing: Summer"
"Energy + Environmental Economics (E3)","Energy & Environmental Economics","Internship","2027 Consulting Internship","San Francisco, CA; Boston, MA; New York, NY; Calgary, Alberta","https://jobs.lever.co/ethree/4e029b3e-2c44-4f90-a04c-3980f4dedd57","Official ATS Lever:ethree","2026-09-16T01:33:50.584Z","timing: 2027"
"Energy + Environmental Economics (E3)","Energy & Environmental Economics","Entry-level","Analyst","San Francisco, CA; Boston, MA; Calgary, Alberta; New York, NY","https://jobs.lever.co/ethree/5b7f68f4-07f5-4e5c-83b0-dba55cbe56a8","Official ATS Lever:ethree","2026-09-14T18:16:10.473Z","timing not stated in title"
"Houlihan Lokey (Dispute Resolution Consulting)","Litigation, Antitrust & Damages","Entry-level","2027 Financial Analyst (Class of 2027), Portfolio Valuation and Fund Advisory Services - Multiple Locations","6 Locations","https://hl.wd1.myworkdayjobs.com/Campus/job/Atlanta-GA-USA/XMLNAME-2027-Financial-Analyst--Class-of-2027---Portfolio-Valuation-and-Fund-Advisory-Services---Multiple-Locations_R3496","Official ATS Workday:hl/Campus","Posted 6 Days Ago","timing: 2027"
"Houlihan Lokey (Dispute Resolution Consulting)","Litigation, Antitrust & Damages","Internship","Summer 2027 Financial Analyst (Class of 2028), Portfolio Valuation and Fund Advisory Services - Multiple Locations","3 Locations","https://hl.wd1.myworkdayjobs.com/Campus/job/Atlanta-GA-USA/Summer-2027-Financial-Analyst--Class-of-2028---Portfolio-Valuation-and-Fund-Advisory-Services---Multiple-Locations_R2915","Official ATS Workday:hl/Campus","Posted 10 Days Ago","timing: Summer 2027"
"HR&A Advisors","Policy & Research Economics","Entry-level","Analyst, Housing","Washington, DC, DC","https://hraadvisors.applytojob.com/apply/HP9SzqVzwK/Analyst-Housing","Official ATS JazzHR:hraadvisors","","timing not stated in title"
"HR&A Advisors","Policy & Research Economics","Entry-level","Analyst, Inclusive Cities","Los Angeles, CA","https://hraadvisors.applytojob.com/apply/TAm8N2k8Xm/Analyst-Inclusive-Cities","Official ATS JazzHR:hraadvisors","","timing not stated in title"
"HR&A Advisors","Policy & Research Economics","Entry-level","Analyst, Real Estate","Los Angeles, CA","https://hraadvisors.applytojob.com/apply/htZCMWIuUX/Analyst-Real-Estate","Official ATS JazzHR:hraadvisors","","timing not stated in title"
"HR&A Advisors","Policy & Research Economics","Entry-level","Analyst, Real Estate","Atlanta, GA","https://hraadvisors.applytojob.com/apply/uXBi868QGn/Analyst-Real-Estate","Official ATS JazzHR:hraadvisors","","timing not stated in title"
"HR&A Advisors","Policy & Research Economics","Entry-level","Research Analyst, Real Estate","Los Angeles, CA","https://hraadvisors.applytojob.com/apply/Ma1YoqlgoV/Research-Analyst-Real-Estate","Official ATS JazzHR:hraadvisors","","timing not stated in title"
"ICF","Policy & Research Economics","Internship","2027 Summer Intern, Energy Markets and Policy (Reston, VA; Arlington, VA)","2 Locations","https://icf.wd5.myworkdayjobs.com/ICFExternal_Career_Site/job/Reston-VA/XMLNAME-2027-Summer-Intern--Energy-Markets-and-Policy--Reston--VA--Arlington--VA-_R2603249","Official ATS Workday:icf/ICFExternal_Career_Site","Posted 3 Days Ago","timing: 2027 Summer"
"Integra FEC","Litigation, Antitrust & Damages","Internship","(SPRING) Data Analyst Intern","Austin, Texas","https://job-boards.greenhouse.io/integra/jobs/5406100008","Official ATS Greenhouse:integra","2026-08-31T14:08:04-04:00","timing: SPRING"
"Integra FEC","Litigation, Antitrust & Damages","Internship","(SPRING) Research Analyst Intern","Austin, Texas","https://job-boards.greenhouse.io/integra/jobs/5406115008","Official ATS Greenhouse:integra","2026-08-31T14:08:15-04:00","timing: SPRING"
"Integra FEC","Litigation, Antitrust & Damages","Internship","(SUMMER) Data Analyst Intern","Austin, Texas","https://job-boards.greenhouse.io/integra/jobs/5406109008","Official ATS Greenhouse:integra","2026-08-31T14:08:17-04:00","timing: SUMMER"
"Integra FEC","Litigation, Antitrust & Damages","Internship","(SUMMER) Research Analyst Intern","Austin, Texas","https://job-boards.greenhouse.io/integra/jobs/5406119008","Official ATS Greenhouse:integra","2026-08-31T14:08:24-04:00","timing: SUMMER"
"NERA Economic Consulting","Litigation, Antitrust & Damages","Internship","NERA Research Associate (Summer 2027 Grads) (Multiple Locations)","6 Locations","https://mmc.wd1.myworkdayjobs.com/MMC/job/New-York---1166/NERA-Research-Associate--Summer-2027-Grads---Multiple-Locations-_R_364004-1","Official ATS Workday:mmc/MMC","Posted 28 Days Ago","timing: Summer 2027"
"NERA Economic Consulting","Litigation, Antitrust & Damages","Internship","NERA Summer Intern 2027 - London","London - St. Botolph","https://mmc.wd1.myworkdayjobs.com/MMC/job/London---St-Botolph/NERA-Summer-Intern-2027---London_R_363208","Official ATS Workday:mmc/MMC","Posted 27 Days Ago","timing: 2027"
"NERA Economic Consulting","Litigation, Antitrust & Damages","Internship","NERA Summer Internship (Summer 2028 Grads) (Multiple Locations)","6 Locations","https://mmc.wd1.myworkdayjobs.com/MMC/job/New-York---1166/NERA-Summer-Internship--Summer-2028-Grads---Multiple-Locations-_R_364008-1","Official ATS Workday:mmc/MMC","Posted 6 Days Ago","timing: Summer 2028"
"NERA Economic Consulting","Litigation, Antitrust & Damages","Internship","NERA: Internship (Berlin and Frankfurt)","2 Locations","https://mmc.wd1.myworkdayjobs.com/MMC/job/Berlin---Linden-14/NERA--Internship--Berlin-and-Frankfurt-_R_281719-1","Official ATS Workday:mmc/MMC","Posted 28 Days Ago","timing not stated in title"
"Oxford Economics","Macro & Economic Research","Internship","2027 UK Placement Programme (London, Belfast & Oxford)","London, UK","https://careers.oxfordeconomics.com/en/postings/0f831a56-2ad7-4ee9-a267-b5a2954f37d9","Official ATS Pinpoint:careers.oxfordeconomics.com","","timing: 2027"
"PRECISIONheor (Precision AQ)","Health Economics & HEOR","Internship","Summer 2027 Internship, Market Access Consulting","New York, NY, USA","https://job-boards.greenhouse.io/precisionaq/jobs/6205781004","Official ATS Greenhouse:precisionaq","2026-09-22T16:12:34-04:00","timing: Summer 2027; graduation years mentioned: 2027, 2029"
"PwC (Economics / Transfer Pricing / Forensics)","Big 4 & Advisory Economics","Internship","Advisory - Intern - Milano - Deals Valuation Financial Services","Milan","https://pwc.wd3.myworkdayjobs.com/Global_Campus_Careers/job/Milan/Advisory---Intern---Milano---Deals-Valuation-Financial-Services_605599WD","Official ATS Workday:pwc/Global_Campus_Careers","Posted 30+ Days Ago","timing not stated in title"
"PwC (Economics / Transfer Pricing / Forensics)","Big 4 & Advisory Economics","Internship","Capital Projects & Economics Intern - ambito Infrastrutture, Trasporti e Logistica - Roma","Rome","https://pwc.wd3.myworkdayjobs.com/Global_Campus_Careers/job/Rome/Capital-Projects---Economics-Intern---ambito-Infrastrutture--Trasporti-e-Logistica---Roma_721760WD-3","Official ATS Workday:pwc/Global_Campus_Careers","Posted 3 Days Ago","timing not stated in title"
"PwC (Economics / Transfer Pricing / Forensics)","Big 4 & Advisory Economics","Internship","Capital Projects & Economics Intern - ambito Infrastrutture, Trasporti e Logistica (Palermo)","Palermo","https://pwc.wd3.myworkdayjobs.com/Global_Campus_Careers/job/Palermo/Capital-Projects---Economics-Intern---ambito-Infrastrutture--Trasporti-e-Logistica--Palermo-_614318WD","Official ATS Workday:pwc/Global_Campus_Careers","Posted 30+ Days Ago","timing not stated in title"
"PwC (Economics / Transfer Pricing / Forensics)","Big 4 & Advisory Economics","Internship","Intern - International Tax & Transfer Pricing - Milano [TAX]","Milan","https://pwc.wd3.myworkdayjobs.com/Global_Campus_Careers/job/Milan/Intern---International-Tax---Transfer-Pricing---Milano--TAX-_747803WD-1","Official ATS Workday:pwc/Global_Campus_Careers","Posted 30+ Days Ago","timing not stated in title"
"PwC (Economics / Transfer Pricing / Forensics)","Big 4 & Advisory Economics","Internship","Intern to Business Valuation","Almaty","https://pwc.wd3.myworkdayjobs.com/Global_Campus_Careers/job/Almaty/Intern-to-Business-Valuation_760362WD-1","Official ATS Workday:pwc/Global_Campus_Careers","Posted 20 Days Ago","timing not stated in title"
"PwC (Economics / Transfer Pricing / Forensics)","Big 4 & Advisory Economics","Entry-level","Junior Compliance and Forensics Consultant - Start now","Brussels","https://pwc.wd3.myworkdayjobs.com/Global_Campus_Careers/job/Brussels/Junior-Compliance-and-Forensics-Consultant---Start-September-2026_662476WD-1","Official ATS Workday:pwc/Global_Campus_Careers","Posted 4 Days Ago","timing not stated in title"
"PwC (Economics / Transfer Pricing / Forensics)","Big 4 & Advisory Economics","Internship","Stage - Pilotage de Programmes - Economie et Souveraineté - Janvier 2027 - Strasbourg - F/H","Strasbourg","https://pwc.wd3.myworkdayjobs.com/Global_Campus_Careers/job/Strasbourg/Stage---Pilotage-de-Programmes---Economie-et-Souverainet---Strasbourg---F-H_726929WD-1","Official ATS Workday:pwc/Global_Campus_Careers","Posted 30+ Days Ago","timing: 2027"
"PwC (Economics / Transfer Pricing / Forensics)","Big 4 & Advisory Economics","Internship","Tax - Transfer Pricing Off-Cycle Internship (Jan - Jun 27)","Singapore","https://pwc.wd3.myworkdayjobs.com/Global_Campus_Careers/job/Singapore/Tax---Transfer-Pricing-Off-Cycle-Internship--Jan---Jun-27-_742311WD","Official ATS Workday:pwc/Global_Campus_Careers","Posted 30+ Days Ago","timing: Off-Cycle"
"PwC (Economics / Transfer Pricing / Forensics)","Big 4 & Advisory Economics","Internship","Transfer Pricing - Intern - Summer 2027","15 Locations","https://pwc.wd3.myworkdayjobs.com/US_Entry_Level_Careers/job/IL-Rosemont/Transfer-Pricing---Intern---Summer-2027_756412WD","Official ATS Workday:pwc/US_Entry_Level_Careers","Posted 4 Days Ago","timing: Summer 2027"
"PwC (Economics / Transfer Pricing / Forensics)","Big 4 & Advisory Economics","Internship","Transfer Pricing Intern – January 2027","Genève","https://pwc.wd3.myworkdayjobs.com/Global_Campus_Careers/job/Genve/Transfer-Pricing-Intern---January-2027_759675WD","Official ATS Workday:pwc/Global_Campus_Careers","Posted 12 Days Ago","timing: 2027"
"PwC (Economics / Transfer Pricing / Forensics)","Big 4 & Advisory Economics","Internship","Werkstudent Fiscaal - Real Estate Advisory & Valuations","Amsterdam","https://pwc.wd3.myworkdayjobs.com/Global_Campus_Careers/job/Amsterdam/Werkstudent-Fiscaal---Real-Estate-Advisory---Valuations_654283WD","Official ATS Workday:pwc/Global_Campus_Careers","Posted 30+ Days Ago","timing not stated in title"
"Stout","Transfer Pricing & Valuation","Internship","Intern Summer 2027, Portfolio Valuation and Complex Securities (New York/San Diego)","","https://stout.wd5.myworkdayjobs.com/Stout-Student-Careers/job/New-York-NY/Intern-Summer-2027--Portfolio-Valuation-and-Complex-Securities--New-York-San-Diego-_r2202","Official ATS Workday:stout/Stout-Student-Careers","Posted 5 Days Ago","timing: Summer 2027"
"Stout","Transfer Pricing & Valuation","Internship","Summer 2027 Intern - Disputes Claims & Investigations: Chicago","","https://stout.wd5.myworkdayjobs.com/Stout-Student-Careers/job/Chicago-IL/Summer-2027-Intern---Disputes-Claims---Investigations--Chicago_r2180-1","Official ATS Workday:stout/Stout-Student-Careers","Posted 13 Days Ago","timing: Summer 2027"
"Stout","Transfer Pricing & Valuation","Internship","Summer 2027 Intern - Disputes Claims & Investigations: Chicago","","https://stout.wd5.myworkdayjobs.com/Stout-Careers/job/Chicago-IL/Summer-2027-Intern---Disputes-Claims---Investigations--Chicago_r2180-2","Official ATS Workday:stout/Stout-Careers","Posted 13 Days Ago","timing: Summer 2027"
"Stout","Transfer Pricing & Valuation","Internship","Summer 2027 Intern - Disputes, Claims & Investigations: Cleveland, OH","","https://stout.wd5.myworkdayjobs.com/Stout-Student-Careers/job/Cleveland-OH/Summer-2027-Intern---Disputes--Claims---Investigations--Cleveland--OH_r2181-1","Official ATS Workday:stout/Stout-Student-Careers","Posted 13 Days Ago","timing: Summer 2027"
"Stout","Transfer Pricing & Valuation","Internship","Summer 2027 Intern - Disputes, Claims & Investigations: Cleveland, OH","","https://stout.wd5.myworkdayjobs.com/Stout-Careers/job/Cleveland-OH/Summer-2027-Intern---Disputes--Claims---Investigations--Cleveland--OH_r2181-2","Official ATS Workday:stout/Stout-Careers","Posted 13 Days Ago","timing: Summer 2027"
"Stout","Transfer Pricing & Valuation","Internship","Summer 2027 Intern - Disputes, Claims & Investigations: Philadelphia","","https://stout.wd5.myworkdayjobs.com/Stout-Student-Careers/job/Philadelphia-PA/Summer-2027-Intern---Disputes--Claims---Investigations--Philadelphia_r2182","Official ATS Workday:stout/Stout-Student-Careers","Posted 13 Days Ago","timing: Summer 2027"
"Stout","Transfer Pricing & Valuation","Internship","Summer 2027 Intern - Disputes, Claims & Investigations: Philadelphia","","https://stout.wd5.myworkdayjobs.com/Stout-Careers/job/Philadelphia-PA/Summer-2027-Intern---Disputes--Claims---Investigations--Philadelphia_r2182-1","Official ATS Workday:stout/Stout-Careers","Posted 13 Days Ago","timing: Summer 2027"
"Stout","Transfer Pricing & Valuation","Internship","Summer 2027 Intern - Disputes, Claims & Investigations: San Diego","","https://stout.wd5.myworkdayjobs.com/Stout-Student-Careers/job/San-Diego-CA/Summer-2027-Intern---Disputes--Claims---Investigations--San-Diego_r2184-1","Official ATS Workday:stout/Stout-Student-Careers","Posted 13 Days Ago","timing: Summer 2027"
"Stout","Transfer Pricing & Valuation","Internship","Summer 2027 Intern - Disputes, Claims & Investigations: San Diego","","https://stout.wd5.myworkdayjobs.com/Stout-Careers/job/San-Diego-CA/Summer-2027-Intern---Disputes--Claims---Investigations--San-Diego_r2184-2","Official ATS Workday:stout/Stout-Careers","Posted 13 Days Ago","timing: Summer 2027"
"Stout","Transfer Pricing & Valuation","Internship","Summer 2027 Intern - Disputes, Claims & Investigations: Washington, DC","","https://stout.wd5.myworkdayjobs.com/Stout-Student-Careers/job/Washington-DC/Summer-2027-Intern---Disputes--Claims---Investigations--Washington--DC_r2185-1","Official ATS Workday:stout/Stout-Student-Careers","Posted 13 Days Ago","timing: Summer 2027"
"Stout","Transfer Pricing & Valuation","Internship","Summer 2027 Intern - Disputes, Claims & Investigations: Washington, DC","","https://stout.wd5.myworkdayjobs.com/Stout-Careers/job/Washington-DC/Summer-2027-Intern---Disputes--Claims---Investigations--Washington--DC_r2185-2","Official ATS Workday:stout/Stout-Careers","Posted 13 Days Ago","timing: Summer 2027"
"Technopolis Group","Competition & Regulatory (Europe)","Internship","Full time paid Internship / Stage Paris","Paris","https://technopolis-group.jobs.personio.com/job/2247787","Official ATS Personio:technopolis-group","2025-07-15T14:48:10+00:00","timing not stated in title"
"Technopolis Group","Competition & Regulatory (Europe)","Internship","Stage Office Assistant (MBO/HBO) Amsterdam","Netherlands","https://technopolis-group.jobs.personio.com/job/2598025","Official ATS Personio:technopolis-group","2026-04-10T14:12:39+00:00","timing not stated in title"
"The Brattle Group","Litigation, Antitrust & Damages","Internship","Energy Analyst Intern (Economics) - Summer 2027","Boston, Massachusetts, United States","https://job-boards.greenhouse.io/thebrattlegroup/jobs/4735999005","Official ATS Greenhouse:thebrattlegroup","2026-09-18T16:58:36-04:00","timing: Summer 2027"
"The Brattle Group","Litigation, Antitrust & Damages","Internship","Energy Analyst Intern (Economics) - Summer 2027","Toronto, Ontario, Canada","https://job-boards.greenhouse.io/thebrattlegroup/jobs/4736066005","Official ATS Greenhouse:thebrattlegroup","2026-09-18T17:56:20-04:00","timing: Summer 2027"
"The Brattle Group","Litigation, Antitrust & Damages","Entry-level","Research Analyst (Economics and Finance) - July 2027","Chicago, Illinois, United States","https://job-boards.greenhouse.io/thebrattlegroup/jobs/4732797005","Official ATS Greenhouse:thebrattlegroup","2026-09-10T13:43:29-04:00","timing: 2027"
"The Brattle Group","Litigation, Antitrust & Damages","Entry-level","Research Analyst (Economics and Finance) - July 2027","Boston, Massachusetts, United States","https://job-boards.greenhouse.io/thebrattlegroup/jobs/4720807005","Official ATS Greenhouse:thebrattlegroup","2026-08-14T16:44:10-04:00","timing: 2027"
"The Brattle Group","Litigation, Antitrust & Damages","Entry-level","Research Analyst (Economics and Finance) - July 2027","Washington, District of Columbia, United States","https://job-boards.greenhouse.io/thebrattlegroup/jobs/4720808005","Official ATS Greenhouse:thebrattlegroup","2026-08-14T16:44:13-04:00","timing: 2027"
"The Brattle Group","Litigation, Antitrust & Damages","Entry-level","Research Analyst (Economics and Finance) - July 2027","San Francisco, California, United States","https://job-boards.greenhouse.io/thebrattlegroup/jobs/4720810005","Official ATS Greenhouse:thebrattlegroup","2026-08-14T16:44:15-04:00","timing: 2027"
"The Brattle Group","Litigation, Antitrust & Damages","Entry-level","Research Analyst (Economics and Finance) - July 2027","New York, New York, United States","https://job-boards.greenhouse.io/thebrattlegroup/jobs/4720811005","Official ATS Greenhouse:thebrattlegroup","2026-08-14T16:44:16-04:00","timing: 2027"
"The Brattle Group","Litigation, Antitrust & Damages","Entry-level","Research Analyst (Economics) - July 2027","Chicago, Illinois, United States","https://job-boards.greenhouse.io/thebrattlegroup/jobs/4720832005","Official ATS Greenhouse:thebrattlegroup","2026-08-14T16:44:29-04:00","timing: 2027"
"The Brattle Group","Litigation, Antitrust & Damages","Entry-level","Research Analyst (Economics) - July 2027","New York, New York, United States","https://job-boards.greenhouse.io/thebrattlegroup/jobs/4720834005","Official ATS Greenhouse:thebrattlegroup","2026-08-14T16:44:31-04:00","timing: 2027"
"The Brattle Group","Litigation, Antitrust & Damages","Entry-level","Research Analyst (Economics) - July 2027","Washington, District of Columbia, United States","https://job-boards.greenhouse.io/thebrattlegroup/jobs/4720833005","Official ATS Greenhouse:thebrattlegroup","2026-08-14T16:44:30-04:00","timing: 2027"
"The Brattle Group","Litigation, Antitrust & Damages","Entry-level","Research Analyst (Economics) - July 2027","Boston, Massachusetts, United States","https://job-boards.greenhouse.io/thebrattlegroup/jobs/4720836005","Official ATS Greenhouse:thebrattlegroup","2026-08-14T16:44:32-04:00","timing: 2027"
"The Brattle Group","Litigation, Antitrust & Damages","Entry-level","Research Analyst Graduate Program - Sydney","Sydney, New South Wales, Australia","https://job-boards.greenhouse.io/thebrattlegroup/jobs/4732401005","Official ATS Greenhouse:thebrattlegroup","2026-09-09T14:48:58-04:00","timing not stated in title; graduation years mentioned: 2027"
"The Brattle Group","Litigation, Antitrust & Damages","Internship","Research Analyst Intern (Economics & Finance) - Summer 2027","New York, New York, United States","https://job-boards.greenhouse.io/thebrattlegroup/jobs/4735791005","Official ATS Greenhouse:thebrattlegroup","2026-09-18T16:58:40-04:00","timing: Summer 2027"
"The Brattle Group","Litigation, Antitrust & Damages","Internship","Research Analyst Intern (Economics & Finance) - Summer 2027","Washington, District of Columbia, United States","https://job-boards.greenhouse.io/thebrattlegroup/jobs/4735792005","Official ATS Greenhouse:thebrattlegroup","2026-09-18T16:58:42-04:00","timing: Summer 2027"
"The Brattle Group","Litigation, Antitrust & Damages","Internship","Research Analyst Intern (Economics & Finance) - Summer 2027","Washington, District of Columbia, United States","https://job-boards.greenhouse.io/thebrattlegroup/jobs/4735518005","Official ATS Greenhouse:thebrattlegroup","2026-09-18T16:58:45-04:00","timing: Summer 2027"
"The Brattle Group","Litigation, Antitrust & Damages","Internship","Research Analyst Intern (Economics & Finance) - Summer 2027","San Francisco, California, United States","https://job-boards.greenhouse.io/thebrattlegroup/jobs/4735519005","Official ATS Greenhouse:thebrattlegroup","2026-09-18T16:58:47-04:00","timing: Summer 2027"
"The Brattle Group","Litigation, Antitrust & Damages","Internship","Research Analyst Intern (Economics) - Summer 2027","New York, New York, United States","https://job-boards.greenhouse.io/thebrattlegroup/jobs/4735673005","Official ATS Greenhouse:thebrattlegroup","2026-09-18T16:58:50-04:00","timing: Summer 2027"
"The Brattle Group","Litigation, Antitrust & Damages","Internship","Research Analyst Intern (Economics) - Summer 2027","Washington, District of Columbia, United States","https://job-boards.greenhouse.io/thebrattlegroup/jobs/4735674005","Official ATS Greenhouse:thebrattlegroup","2026-09-18T16:58:53-04:00","timing: Summer 2027"
"Trinity Life Sciences","Health Economics & HEOR","Entry-level","Analyst","India - Gurgaon","https://trinitylifesciences.wd108.myworkdayjobs.com/Trinity/job/India---Gurgaon/Analyst_JR100599","Official ATS Workday:trinitylifesciences/Trinity","Posted 4 Days Ago","timing not stated in title"
"Trinity Life Sciences","Health Economics & HEOR","Entry-level","Associate Analyst","India - Gurgaon","https://trinitylifesciences.wd108.myworkdayjobs.com/Trinity/job/India---Gurgaon/Associate-Analyst_JR100430","Official ATS Workday:trinitylifesciences/Trinity","Posted 30+ Days Ago","timing not stated in title"
"Trinity Life Sciences","Health Economics & HEOR","Internship","Commercial Strategy Summer Associate (NY)","New York, NY","https://trinitylifesciences.wd108.myworkdayjobs.com/Trinity/job/New-York-NY/Commercial-Strategy-Summer-Associate--NY-_JR100752","Official ATS Workday:trinitylifesciences/Trinity","Posted 26 Days Ago","timing: Summer"
"Trinity Life Sciences","Health Economics & HEOR","Internship","Commercial Strategy Summer Associate (SF)","San Francisco, CA","https://trinitylifesciences.wd108.myworkdayjobs.com/Trinity/job/San-Francisco-CA/Commercial-Strategy-Summer-Associate--SF-_JR100751","Official ATS Workday:trinitylifesciences/Trinity","Posted 25 Days Ago","timing: Summer"
"Trinity Life Sciences","Health Economics & HEOR","Internship","Commercial Strategy Summer Associate (Waltham)","Waltham, MA - Headquarters","https://trinitylifesciences.wd108.myworkdayjobs.com/Trinity/job/Waltham-MA---Headquarters/Commercial-Strategy-Summer-Associate--Waltham-_JR100749","Official ATS Workday:trinitylifesciences/Trinity","Posted 26 Days Ago","timing: Summer"
"Trinity Life Sciences","Health Economics & HEOR","Internship","Insights Summer Associate (New York, NY)","New York, NY","https://trinitylifesciences.wd108.myworkdayjobs.com/Trinity/job/New-York-NY/Insights-Summer-Associate--New-York--NY-_JR100785","Official ATS Workday:trinitylifesciences/Trinity","Posted 26 Days Ago","timing: Summer"
"Trinity Life Sciences","Health Economics & HEOR","Internship","Insights Summer Associate (Waltham, MA)","Waltham, MA - Headquarters","https://trinitylifesciences.wd108.myworkdayjobs.com/Trinity/job/Waltham-MA---Headquarters/Insights-Summer-Associate--Waltham--MA-_JR100784","Official ATS Workday:trinitylifesciences/Trinity","Posted 4 Days Ago","timing: Summer"
"Trinity Life Sciences","Health Economics & HEOR","Internship","VAP Summer Associate (NY)","New York, NY","https://trinitylifesciences.wd108.myworkdayjobs.com/Trinity/job/New-York-NY/VAP-Summer-Associate--NY-_JR100764-1","Official ATS Workday:trinitylifesciences/Trinity","Posted 25 Days Ago","timing: Summer"
"Trinity Life Sciences","Health Economics & HEOR","Internship","VAP Summer Associate (SF)","San Francisco, CA","https://trinitylifesciences.wd108.myworkdayjobs.com/Trinity/job/San-Francisco-CA/VAP-Summer-Associate--SF-_JR100765-1","Official ATS Workday:trinitylifesciences/Trinity","Posted 28 Days Ago","timing: Summer"
"Trinity Life Sciences","Health Economics & HEOR","Internship","VAP Summer Associate (Waltham)","Waltham, MA - Headquarters","https://trinitylifesciences.wd108.myworkdayjobs.com/Trinity/job/Waltham-MA---Headquarters/VAP-Summer-Associate--Waltham-_JR100763","Official ATS Workday:trinitylifesciences/Trinity","Posted 26 Days Ago","timing: Summer"