"Company","Category","Title","Location","Region","URL","Source","Status","PostedAt","Notes"
"Analysis Group","Litigation, Antitrust & Damages","Analyst - Accounting (2027 Start Date)","US-MA-Boston | US-IL-Chicago | US-CO-Denver | US-CA-Los Angeles","North America","https://analystcareers-analysisgroup.icims.com/jobs/3020/job","Official ATS iCIMS:analystcareers-analysisgroup","Confirmed official posting","","timing: 2027"
"Analysis Group","Litigation, Antitrust & Damages","Analyst - Generalist - London (2027 Start Date)","UK-London","Europe","https://analystcareers-analysisgroup.icims.com/jobs/2956/job","Official ATS iCIMS:analystcareers-analysisgroup","Confirmed official posting","","timing: 2027"
"Analysis Group","Litigation, Antitrust & Damages","Analyst - Generalist (2027 Start Date)","US-MA-Boston | US-IL-Chicago | US-CO-Denver | US-CA-Los Angeles","North America","https://analystcareers-analysisgroup.icims.com/jobs/3004/job","Official ATS iCIMS:analystcareers-analysisgroup","Confirmed official posting","","timing: 2027"
"Analysis Group","Litigation, Antitrust & Damages","Analyst - Health Care (HEOR, Epidemiology & Market Access) - Beijing (2027 Start Date)","CN-Beijing","Asia","https://analystcareers-analysisgroup.icims.com/jobs/2990/job","Official ATS iCIMS:analystcareers-analysisgroup","Confirmed official posting","","timing: 2027"
"Analysis Group","Litigation, Antitrust & Damages","Associate - Generalist - Montreal / Toronto (2027 Start Date) | Responsable de projets - Généraliste - Montréal / Toronto (Date de début 2027)","CA-QC-Montreal | CA-ON-Toronto","North America","https://associatecareers-analysisgroup.icims.com/jobs/3050/job","Official ATS iCIMS:associatecareers-analysisgroup","Confirmed official posting","","timing: 2027"
"Analysis Group","Litigation, Antitrust & Damages","Associate - Generalist (MBA/MA) (2027 Start Date)","US-MA-Boston | US-IL-Chicago | US-TX-Dallas | US-CO-Denver | US-CA-Los Angeles | US-NY-New York | US-CA-San Francisco | US-DC-Washington, DC","North America","https://associatecareers-analysisgroup.icims.com/jobs/3047/job","Official ATS iCIMS:associatecareers-analysisgroup","Confirmed official posting","","timing: 2027"
"Analysis Group","Litigation, Antitrust & Damages","Associate - Health Care (HEOR, Epidemiology & Market Access) (2027 Start Date)","US-MA-Boston","North America","https://associatecareers-analysisgroup.icims.com/jobs/2959/job","Official ATS iCIMS:associatecareers-analysisgroup","Confirmed official posting","","timing: 2027"
"Ankura","Litigation, Antitrust & Damages","University Associate, Disputes & Economics","Los Angeles, CA","North America","https://ankura.wd5.myworkdayjobs.com/Ankura/job/Los-Angeles-CA/University-Associate--Disputes---Economics_R104986","Official ATS Workday:ankura/Ankura","Confirmed official posting","Posted 16 Days Ago","timing not stated in title"
"Ankura","Litigation, Antitrust & Damages","University Associate, Disputes & Economics - Financial Services Advisory (NYC)","New York, NY","North America","https://ankura.wd5.myworkdayjobs.com/Ankura/job/New-York-NY/University-Associate--Disputes---Economics---Financial-Services-Advisory--NYC-_R104989","Official ATS Workday:ankura/Ankura","Confirmed official posting","Posted 14 Days Ago","timing not stated in title"
"Ankura","Litigation, Antitrust & Damages","University Associate, Disputes & Economics - Financial Services Disputes","New York, NY","North America","https://ankura.wd5.myworkdayjobs.com/Ankura/job/New-York-NY/University-Associate--Disputes---Economics---Financial-Services-Disputes_R104994","Official ATS Workday:ankura/Ankura","Confirmed official posting","Posted 16 Days Ago","timing not stated in title"
"Ankura","Litigation, Antitrust & Damages","University Associate, Disputes & Economics - Financial Services Disputes","Washington D.C.","North America","https://ankura.wd5.myworkdayjobs.com/Ankura/job/Washington-DC/University-Associate--Disputes---Economics---Financial-Services-Disputes_R104999","Official ATS Workday:ankura/Ankura","Confirmed official posting","Posted 11 Days Ago","timing not stated in title"
"Ankura","Litigation, Antitrust & Damages","University Associate, Disputes & Economics - Healthcare and Life Sciences","Chicago, IL","North America","https://ankura.wd5.myworkdayjobs.com/Ankura/job/Chicago-IL/University-Associate--Disputes---Economics---Healthcare-and-Life-Sciences_R104973","Official ATS Workday:ankura/Ankura","Confirmed official posting","Posted 29 Days Ago","timing not stated in title"
"Ankura","Litigation, Antitrust & Damages","University Associate, Disputes & Economics - Healthcare and Life Sciences","New York, NY","North America","https://ankura.wd5.myworkdayjobs.com/Ankura/job/New-York-NY/University-Associate--Disputes---Economics---Healthcare-and-Life-Sciences_R104982","Official ATS Workday:ankura/Ankura","Confirmed official posting","Posted 25 Days Ago","timing not stated in title"
"Ankura","Litigation, Antitrust & Damages","University Associate, Disputes & Economics - Healthcare and Life Sciences","Washington D.C.","North America","https://ankura.wd5.myworkdayjobs.com/Ankura/job/Washington-DC/University-Associate--Disputes---Economics---Healthcare-and-Life-Sciences_R104980","Official ATS Workday:ankura/Ankura","Confirmed official posting","Posted 29 Days Ago","timing not stated in title"
"Ankura","Litigation, Antitrust & Damages","University Associate, Disputes & Economics - Intellectual Property","New York, NY","North America","https://ankura.wd5.myworkdayjobs.com/Ankura/job/New-York-NY/University-Associate--Disputes---Economics---Intellectual-Property_R104996","Official ATS Workday:ankura/Ankura","Confirmed official posting","Posted 15 Days Ago","timing not stated in title"
"Ankura","Litigation, Antitrust & Damages","University Associate, Disputes & Economics - Valuation & Transaction Advisory","Chicago, IL","North America","https://ankura.wd5.myworkdayjobs.com/Ankura/job/Chicago-IL/University-Associate--Disputes---Economics---Valuation---Transaction-Advisory_R104983","Official ATS Workday:ankura/Ankura","Confirmed official posting","Posted 16 Days Ago","timing not stated in title"
"Ankura","Litigation, Antitrust & Damages","University Associate, Forensic Data & Analytics","Chicago, IL","North America","https://ankura.wd5.myworkdayjobs.com/Ankura/job/Chicago-IL/University-Associate--Forensic-Data---Analytics_R104939","Official ATS Workday:ankura/Ankura","Confirmed official posting","Posted 30 Days Ago","timing not stated in title"
"Ankura","Litigation, Antitrust & Damages","University Associate, Forensic Data & Analytics","New York, NY","North America","https://ankura.wd5.myworkdayjobs.com/Ankura/job/New-York-NY/University-Associate--Forensic-Data---Analytics_R104938","Official ATS Workday:ankura/Ankura","Confirmed official posting","Posted 30 Days Ago","timing not stated in title"
"Ankura","Litigation, Antitrust & Damages","University Associate, Forensic Data & Analytics","Washington D.C.","North America","https://ankura.wd5.myworkdayjobs.com/Ankura/job/Washington-DC/University-Associate--Forensic-Data---Analytics_R104942","Official ATS Workday:ankura/Ankura","Confirmed official posting","Posted 30 Days Ago","timing not stated in title"
"Aurora Energy Research","Energy & Environmental Economics","2027 Graduate Analyst Opportunity (Tokyo)","Tokyo, Japan","Asia","https://careers.auroraer.com/en/postings/6cce184a-db54-45aa-9c8b-ace0ca9fa093","Official ATS Pinpoint:careers.auroraer.com","Confirmed official posting","","timing: 2027"
"Aurora Energy Research","Energy & Environmental Economics","2027 Graduate Analyst Program (Austin)","Austin, USA","North America","https://careers.auroraer.com/en/postings/c5211d96-2d16-4823-b845-e1425240c8c6","Official ATS Pinpoint:careers.auroraer.com","Confirmed official posting","","timing: 2027"
"Aurora Energy Research","Energy & Environmental Economics","Graduate Analyst Programme (Oxford, 2027)","Oxford, UK","Europe","https://careers.auroraer.com/en/postings/0aa034dd-9e51-4c22-8707-01f4d8c98e6e","Official ATS Pinpoint:careers.auroraer.com","Confirmed official posting","","timing: 2027"
"Baringa","Energy & Environmental Economics","Graduate Analyst Programme - Public Sector Consulting","London, United Kingdom","Europe","https://job-boards.eu.greenhouse.io/baringa/jobs/4994406101","Official ATS Greenhouse:baringa","Confirmed official posting","2026-10-02T03:33:17-04:00","timing not stated in title"
"BDO (Transfer Pricing)","Transfer Pricing & Valuation","Tax Associate, Transfer Pricing - Summer 2027 (Atlanta)","Atlanta, GA, United States","North America","https://ebqb.fa.us2.oraclecloud.com/hcmUI/CandidateExperience/en/sites/BDOEntryLevelCareers/job/14014","Official ATS Oracle:ebqb/BDOEntryLevelCareers","Confirmed official posting","2026-09-14","timing: Summer 2027"
"Berkeley Research Group","Litigation, Antitrust & Damages","Junior Conflicts Analyst","3 Locations","Remote / Unspecified","https://thinkbrg.wd5.myworkdayjobs.com/BRG_External_Career_Site/job/Chicago-IL/Junior-Conflicts-Analyst_JR101147","Official ATS Workday:thinkbrg/BRG_External_Career_Site","Confirmed official posting","Posted 8 Days Ago","timing not stated in title"
"Capital Economics","Macro & Economic Research","Assistant Economist - Graduate Training Scheme","London, England, United Kingdom","Europe","https://apply.workable.com/capital-economics/j/7CA67FCD5A/","Official ATS Workable:capital-economics","Confirmed official posting","2026-09-22T00:00:00.000Z","timing not stated in title"
"Compass Lexecon","Litigation, Antitrust & Damages","Analyst - Beijing - Q3 2026","Beijing, China","Asia","https://fticonsulting.wd108.myworkdayjobs.com/CompassLexeconCareers/job/Beijing-China/Analyst---Beijing---Q3-2026_JR260964","Official ATS Workday:fticonsulting/CompassLexeconCareers","Confirmed official posting","Posted 30+ Days Ago","timing: 2026"
"Cornerstone Research","Litigation, Antitrust & Damages","Analyst, Brussels","BE-Brussels","Europe","https://ugbe-chire.icims.com/jobs/4082/job","Career page iCIMS:ugbe-chire","Confirmed official posting","","career_page=https://www.cornerstone.com/careers/analyst/ | timing not stated in title"
"Cornerstone Research","Litigation, Antitrust & Damages","Analyst, London","UK-London","Europe","https://uguk-chire.icims.com/jobs/4083/job","Career page iCIMS:uguk-chire","Confirmed official posting","","career_page=https://www.cornerstone.com/careers/analyst/ | timing not stated in title"
"Eastern Research Group","Policy & Research Economics","Entry-Level Occupational Safety and Health Data Analyst","Fairfax, VA; Washington, DC; Arlington, VA; Alexandria, VA","North America","https://jobs.lever.co/erg/26fdd838-c4ba-4538-825c-c16b36d18fe1","Official ATS Lever:erg","Confirmed official posting","2026-09-22T17:38:01.711Z","timing not stated in title"
"Econ One","Litigation, Antitrust & Damages","Analyst (Healthcare Economics)","Los Angeles, California, United States","North America","https://apply.workable.com/econ-one-research/j/2BCF058B45/","Official ATS Workable:econ-one-research","Confirmed official posting","2026-09-22T00:00:00.000Z","timing not stated in title"
"Energy + Environmental Economics (E3)","Energy & Environmental Economics","Analyst","San Francisco, CA; Boston, MA; Calgary, Alberta; New York, NY","North America","https://jobs.lever.co/ethree/5b7f68f4-07f5-4e5c-83b0-dba55cbe56a8","Official ATS Lever:ethree","Confirmed official posting","2026-09-14T18:16:10.473Z","timing not stated in title"
"HR&A Advisors","Policy & Research Economics","Analyst, Housing","Washington, DC, DC","North America","https://hraadvisors.applytojob.com/apply/HP9SzqVzwK/Analyst-Housing","Official ATS JazzHR:hraadvisors","Confirmed official posting","","timing not stated in title"
"HR&A Advisors","Policy & Research Economics","Analyst, Inclusive Cities","Los Angeles, CA","North America","https://hraadvisors.applytojob.com/apply/TAm8N2k8Xm/Analyst-Inclusive-Cities","Official ATS JazzHR:hraadvisors","Confirmed official posting","","timing not stated in title"
"HR&A Advisors","Policy & Research Economics","Analyst, Real Estate","Los Angeles, CA","North America","https://hraadvisors.applytojob.com/apply/htZCMWIuUX/Analyst-Real-Estate","Official ATS JazzHR:hraadvisors","Confirmed official posting","","timing not stated in title"
"HR&A Advisors","Policy & Research Economics","Analyst, Real Estate","Atlanta, GA","North America","https://hraadvisors.applytojob.com/apply/uXBi868QGn/Analyst-Real-Estate","Official ATS JazzHR:hraadvisors","Confirmed official posting","","timing not stated in title"
"HR&A Advisors","Policy & Research Economics","Research Analyst, Real Estate","Los Angeles, CA","North America","https://hraadvisors.applytojob.com/apply/Ma1YoqlgoV/Research-Analyst-Real-Estate","Official ATS JazzHR:hraadvisors","Confirmed official posting","","timing not stated in title"
"J.S. Held","Litigation, Antitrust & Damages","Consultant, Economic Damages & Valuations - Summer 2027 (New Grad)","San Francisco, CA, us","North America","https://jobs.smartrecruiters.com/JSHeldLLC/744000145775910","Career page SmartRecruiters:JSHeldLLC","Confirmed official posting","2026-08-26T15:32:22.162Z","career_page=https://careers.smartrecruiters.com/JSHeldLLC | timing: Summer 2027"
"Lightcast","Policy & Research Economics","Economic Research Analyst / Junior Data Scientist - 1089","Moscow, ID","Remote / Unspecified","https://jobs.lever.co/economicmodeling/33baa88b-3388-4402-9a5c-b00914351277","Official ATS Lever:economicmodeling","Confirmed official posting","2026-09-25T21:53:01.053Z","timing not stated in title"
"NERA Economic Consulting","Litigation, Antitrust & Damages","NERA Research Associate (Summer 2027 Grads) (Multiple Locations)","6 Locations","Remote / Unspecified","https://mmc.wd1.myworkdayjobs.com/MMC/job/New-York---1166/NERA-Research-Associate--Summer-2027-Grads---Multiple-Locations-_R_364004-1","Official ATS Workday:mmc/MMC","Confirmed official posting","Posted 30+ Days Ago","timing: Summer 2027"
"PwC (Economics / Transfer Pricing / Forensics)","Big 4 & Advisory Economics","Tax - Transfer Pricing Associate (July 2027 Intake)","Singapore","Asia","https://pwc.wd3.myworkdayjobs.com/Global_Campus_Careers/job/Singapore/Tax---Transfer-Pricing-Associate---July-2027-Intake-_738826WD","Official ATS Workday:pwc/Global_Campus_Careers","Confirmed official posting","Posted 30+ Days Ago","timing: 2027"
"The Brattle Group","Litigation, Antitrust & Damages","Research Analyst (Economics and Finance) - July 2027","Boston, Massachusetts, United States","North America","https://job-boards.greenhouse.io/thebrattlegroup/jobs/4720807005","Official ATS Greenhouse:thebrattlegroup","Confirmed official posting","2026-08-14T16:44:10-04:00","timing: 2027"
"The Brattle Group","Litigation, Antitrust & Damages","Research Analyst (Economics and Finance) - July 2027","Washington, District of Columbia, United States","North America","https://job-boards.greenhouse.io/thebrattlegroup/jobs/4720808005","Official ATS Greenhouse:thebrattlegroup","Confirmed official posting","2026-08-14T16:44:13-04:00","timing: 2027"
"The Brattle Group","Litigation, Antitrust & Damages","Research Analyst (Economics and Finance) - July 2027","San Francisco, California, United States","North America","https://job-boards.greenhouse.io/thebrattlegroup/jobs/4720810005","Official ATS Greenhouse:thebrattlegroup","Confirmed official posting","2026-08-14T16:44:15-04:00","timing: 2027"
"The Brattle Group","Litigation, Antitrust & Damages","Research Analyst (Economics and Finance) - July 2027","New York, New York, United States","North America","https://job-boards.greenhouse.io/thebrattlegroup/jobs/4720811005","Official ATS Greenhouse:thebrattlegroup","Confirmed official posting","2026-08-14T16:44:16-04:00","timing: 2027"
"The Brattle Group","Litigation, Antitrust & Damages","Research Analyst (Economics and Finance) - July 2027","Chicago, Illinois, United States","North America","https://job-boards.greenhouse.io/thebrattlegroup/jobs/4732797005","Official ATS Greenhouse:thebrattlegroup","Confirmed official posting","2026-09-10T13:43:29-04:00","timing: 2027"
"The Brattle Group","Litigation, Antitrust & Damages","Research Analyst (Economics) - July 2027","Chicago, Illinois, United States","North America","https://job-boards.greenhouse.io/thebrattlegroup/jobs/4720832005","Official ATS Greenhouse:thebrattlegroup","Confirmed official posting","2026-08-14T16:44:29-04:00","timing: 2027"
"The Brattle Group","Litigation, Antitrust & Damages","Research Analyst (Economics) - July 2027","Washington, District of Columbia, United States","North America","https://job-boards.greenhouse.io/thebrattlegroup/jobs/4720833005","Official ATS Greenhouse:thebrattlegroup","Confirmed official posting","2026-08-14T16:44:30-04:00","timing: 2027"
"The Brattle Group","Litigation, Antitrust & Damages","Research Analyst (Economics) - July 2027","New York, New York, United States","North America","https://job-boards.greenhouse.io/thebrattlegroup/jobs/4720834005","Official ATS Greenhouse:thebrattlegroup","Confirmed official posting","2026-08-14T16:44:31-04:00","timing: 2027"
"The Brattle Group","Litigation, Antitrust & Damages","Research Analyst (Economics) - July 2027","Boston, Massachusetts, United States","North America","https://job-boards.greenhouse.io/thebrattlegroup/jobs/4720836005","Official ATS Greenhouse:thebrattlegroup","Confirmed official posting","2026-08-14T16:44:32-04:00","timing: 2027"
"The Brattle Group","Litigation, Antitrust & Damages","Research Analyst Graduate Program - Sydney","Sydney, New South Wales, Australia","Global / Multiple Regions","https://job-boards.greenhouse.io/thebrattlegroup/jobs/4732401005","Official ATS Greenhouse:thebrattlegroup","Confirmed official posting","2026-09-09T14:48:58-04:00","timing not stated in title; graduation years mentioned: 2027"