"Status","Company","Title","URL","Location","Checked","Notes"
"Confirmed live (official ATS)","Analysis Group","Analyst Intern - Generalist / Stage - Analyste - Généraliste - Paris (2027 Start Date)","https://analystcareers-analysisgroup.icims.com/jobs/3068/job","Paris","2026-10-03","Primary deadline (Sep 30) has passed; later applications are reviewed on a rolling basis."
"Confirmed live (official ATS)","Analysis Group","Analyst Intern - Health Care (HEOR, Epidemiology & Market Access) - Beijing (2027 Start Date)","https://analystcareers-analysisgroup.icims.com/jobs/3008/job","Beijing","2026-10-03","Primary deadline (Sep 30) has passed; later applications are reviewed on a rolling basis."
"Confirmed live (official ATS)","Analysis Group","Analyst Intern - Health Care (HEOR, Epidemiology & Market Access) / Stage - Analyste - Économie de la santé et épidémiologie - Paris (2027 Start Date)","https://analystcareers-analysisgroup.icims.com/jobs/3014/job","Paris","2026-10-03","Primary deadline (Sep 30) has passed; later applications are reviewed on a rolling basis."
"Confirmed live (official ATS)","Analysis Group","Associate Intern - Health Care (HEOR, Epidemiology & Market Access) - London (2027 Start Date)","https://associatecareers-analysisgroup.icims.com/jobs/3029/job","London","2026-10-03","Primary deadline (Sep 30) has passed; later applications are reviewed on a rolling basis."
"Confirmed live (official ATS)","Analysis Group","Associate Intern - Health Care (HEOR, Epidemiology & Market Access) - Montreal / Toronto (2027 Start Date) | Stage - Responsable de projets - Économie de la santé, biostatistique, et épidémiologie - Montréal / Toronto (Date de début 2027)","https://associatecareers-analysisgroup.icims.com/jobs/3066/job","Montreal / Toronto","2026-10-03","Primary deadline (Sep 30) has passed; later applications are reviewed on a rolling basis."
"Confirmed live (official ATS)","Analysis Group","Summer Analyst Intern - Accounting (2027 Start Date)","https://analystcareers-analysisgroup.icims.com/jobs/3021/job","Multiple US offices","2026-10-03","Primary deadline (Sep 30) has passed; later applications are reviewed on a rolling basis."
"Confirmed live (official ATS)","Analysis Group","Summer Analyst Intern - Generalist (2027 Start Date)","https://analystcareers-analysisgroup.icims.com/jobs/3005/job","Multiple US offices","2026-10-03","Primary deadline (Sep 30) has passed; later applications are reviewed on a rolling basis."
"Confirmed live (official ATS)","Analysis Group","Summer Analyst Intern - Health Care (HEOR, Epidemiology & Market Access) (2027 Start Date)","https://analystcareers-analysisgroup.icims.com/jobs/3064/job","Multiple US offices","2026-10-03","Primary deadline (Sep 30) has passed; later applications are reviewed on a rolling basis."
"Confirmed live (official ATS)","Analysis Group","Summer Associate Intern - Generalist (MBA/MA) (2027 Start Date)","https://associatecareers-analysisgroup.icims.com/jobs/3071/job","Multiple US offices","2026-10-03","Primary deadline (Sep 30) has passed; later applications are reviewed on a rolling basis."
"Confirmed live (official ATS)","Analysis Group","Summer Associate Intern - Health Care (HEOR, Epidemiology & Market Access) (2027 Start Date)","https://associatecareers-analysisgroup.icims.com/jobs/3067/job","Multiple US offices","2026-10-03","Primary deadline (Sep 30) has passed; later applications are reviewed on a rolling basis."
"Confirmed live (official ATS)","Analysis Group","Summer Research Professional Intern - Generalist - Montreal/Toronto (2027 Start Date) | Stage d'été - Professionnel de recherche - Généraliste - Montréal/Toronto (Date de début 2027)","https://analystcareers-analysisgroup.icims.com/jobs/3007/job","Montreal / Toronto","2026-10-03","Primary deadline (Sep 30) has passed; later applications are reviewed on a rolling basis."
"Confirmed live (official ATS)","Analysis Group","Summer Research Professional Intern-Health Care (HEOR, Epidemiology & Market Access) -Montreal/Toronto (2027 Start Date) | Stage d'été-Professionnel de recherche-Économie de la santé, biostatistique, et épidémiologie - Montréal/Toronto (Date de début 2027)","https://analystcareers-analysisgroup.icims.com/jobs/3065/job","Montreal / Toronto","2026-10-03","Primary deadline (Sep 30) has passed; later applications are reviewed on a rolling basis."
"Confirmed live (official ATS)","Ankura","Internship 2027, Disputes & Economics","https://ankura.wd5.myworkdayjobs.com/Ankura/job/UAE-Dubai-DIFC/Internship-2027--Disputes---Economics_R105055","UAE Dubai DIFC","2026-10-03",""
"Confirmed live (official ATS)","Ankura","Part Time Intern, Disputes & Economics - Intellectual Property","https://ankura.wd5.myworkdayjobs.com/Ankura/job/Ann-Arbor-MI/University-Intern--Disputes---Economics---Healthcare-and-Life-Sciences_R105072","Ann Arbor, MI","2026-10-03",""
"Confirmed live (official ATS)","Ankura","University Intern, Disputes & Economics","https://ankura.wd5.myworkdayjobs.com/Ankura/job/Los-Angeles-CA/University-Intern--Disputes---Economics_R104987","Los Angeles, CA","2026-10-03",""
"Confirmed live (official ATS)","Ankura","University Intern, Disputes & Economics - Financial Services Advisory","https://ankura.wd5.myworkdayjobs.com/Ankura/job/Washington-DC/University-Intern--Disputes---Economics---Financial-Services-Advisory_R104991","Washington D.C.","2026-10-03",""
"Confirmed live (official ATS)","Ankura","University Intern, Disputes & Economics - Financial Services Advisory","https://ankura.wd5.myworkdayjobs.com/Ankura/job/New-York-NY/University-Intern--Disputes---Economics---Financial-Services-Advisory_R104990","New York, NY","2026-10-03",""
"Confirmed live (official ATS)","Ankura","University Intern, Disputes & Economics - Financial Services Disputes","https://ankura.wd5.myworkdayjobs.com/Ankura/job/Washington-DC/University-Intern--Disputes---Economics---Financial-Services-Disputes_R104993","Washington D.C.","2026-10-03",""
"Confirmed live (official ATS)","Ankura","University Intern, Disputes & Economics - Financial Services Disputes","https://ankura.wd5.myworkdayjobs.com/Ankura/job/New-York-NY/University-Intern--Disputes---Economics---Financial-Services-Disputes_R104995","New York, NY","2026-10-03",""
"Confirmed live (official ATS)","Ankura","University Intern, Disputes & Economics - Valuation & Transaction Advisory","https://ankura.wd5.myworkdayjobs.com/Ankura/job/Chicago-IL/University-Intern--Disputes---Economics---Valuation---Transaction-Advisory_R104985","Chicago, IL","2026-10-03",""
"Confirmed live (official ATS)","Ankura","University Intern, Sachs Policy Group","https://ankura.wd5.myworkdayjobs.com/Ankura/job/USA-NY-New-York-East-42nd-Street/University-Intern--Sachs-Policy-Group_R105073","USA NY New York East 42nd Street","2026-10-03",""
"Confirmed live (official ATS)","Aurora Energy Research","Energy Modelling Intern","https://careers.auroraer.com/en/postings/96f4257b-ede3-46cf-9f86-f4e9d2d6ab1b","São Paulo, Brazil","2026-10-03",""
"Confirmed live (official ATS)","Aurora Energy Research","Energy Modelling Intern (with preference for women)","https://careers.auroraer.com/en/postings/a55bdd2f-4511-4c41-97dd-aef1b096953b","São Paulo, Brazil","2026-10-03",""
"Confirmed live (official ATS)","Aurora Energy Research","Research Intern (長期インターン)","https://careers.auroraer.com/en/postings/344b9f7d-deb5-4464-94fc-9e3e3623b099","Tokyo, Japan","2026-10-03",""
"Confirmed live (official ATS)","BDO (Transfer Pricing)","Tax Intern, Transfer Pricing - Summer 2027 (Boston)","https://ebqb.fa.us2.oraclecloud.com/hcmUI/CandidateExperience/en/sites/CX_1001/job/11921","Boston, MA, United States","2026-10-03",""
"Confirmed live (official ATS)","BDO (Transfer Pricing)","Tax Intern, Transfer Pricing - Summer 2027 (Dallas)","https://ebqb.fa.us2.oraclecloud.com/hcmUI/CandidateExperience/en/sites/CX_1001/job/13832","Dallas, TX, United States","2026-10-03",""
"Confirmed live (official ATS)","BDO (Transfer Pricing)","Tax Intern, Transfer Pricing - Summer 2027 (Los Angeles)","https://ebqb.fa.us2.oraclecloud.com/hcmUI/CandidateExperience/en/sites/CX_1001/job/13875","Los Angeles, CA, United States","2026-10-03",""
"Confirmed live (official ATS)","Berkeley Research Group","Intern (m/f/d) - Competition Economics (E.CA)","https://thinkbrg.wd5.myworkdayjobs.com/BRG_External_Career_Site/job/Berlin-GER/Intern--m-f-d----Competition-Economics--ECA-_JR101044","Berlin, GER","2026-10-03","US 2027 Summer Associate final deadline Oct 16."
"Confirmed live (official ATS)","Berkeley Research Group","Internship - Competition Economics (April 2027 Start)","https://thinkbrg.wd5.myworkdayjobs.com/BRG_External_Career_Site/job/Brussels-BEL/Internship---Competition-Economics--April-2027-Start-_JR101116","Brussels, BEL","2026-10-03","US 2027 Summer Associate final deadline Oct 16."
"Confirmed live (official ATS)","Berkeley Research Group","Internship - Competition Economics (German Speaker)","https://thinkbrg.wd5.myworkdayjobs.com/BRG_External_Career_Site/job/Brussels-BEL/Internship---Competition-Economics--German-Speaker-_JR100948","Brussels, BEL","2026-10-03","US 2027 Summer Associate final deadline Oct 16."
"Confirmed live (official ATS)","Capital Economics","Research Assistant (London) - Industrial Placement Year","https://apply.workable.com/capital-economics/j/2789A61D4B/","London, England, United Kingdom","2026-10-03","Graduate Economist (Sept 2027) deadline Oct 16."
"Confirmed live (official ATS)","Charles River Associates","(2028 Bachelor's/Master's graduates) Accounting/Business/Finance Consulting Analyst/Associate Intern (Summer 2027)","https://job-boards.greenhouse.io/charlesriverassociates/jobs/8160288","Boston, MA, United States; Chicago, IL, United States; Houston, Texas, United States; New York, NY, United States; Oakland, CA, United States","2026-10-03","Resume review begins around Oct 15."
"Confirmed live (official ATS)","Charles River Associates","(2028 Bachelor's/Master's graduates) Economics Consulting Analyst/Associate Intern (Summer 2027)","https://job-boards.greenhouse.io/charlesriverassociates/jobs/8120300","Boston, MA, United States; Chicago, IL, United States; New York, NY, United States; Oakland, CA, United States; Salt Lake City, UT, United States; Washington, DC, United States","2026-10-03","Resume review begins around Oct 15."
"Confirmed live (official ATS)","Charles River Associates","Analyst Intern (Labor & Employment practice) - Winter/Spring 2027","https://job-boards.greenhouse.io/charlesriverassociates/jobs/8243522","College Station, TX, United States; Tallahassee, FL, United States","2026-10-03","Resume review begins around Oct 15."
"Confirmed live (official ATS)","Charles River Associates","Intern (European Competition practice)","https://job-boards.greenhouse.io/charlesriverassociates/jobs/4467334","Brussels, Belgium","2026-10-03","Resume review begins around Oct 15."
"Confirmed live (official ATS)","Charles River Associates","Intern (European Competition practice) - m/f/d","https://job-boards.greenhouse.io/charlesriverassociates/jobs/5174914","Munich, Germany","2026-10-03","Resume review begins around Oct 15."
"Confirmed live (official ATS)","Charles River Associates","Intern/Policy Consulting (Life Sciences practice) - Summer 2027","https://job-boards.greenhouse.io/charlesriverassociates/jobs/8249052","Cambridge, Cambridgeshire, England, United Kingdom; London, United Kingdom","2026-10-03","Resume review begins around Oct 15."
"Confirmed live (official ATS)","Compass Lexecon","2027 Analyst Interns - US","https://fticonsulting.wd108.myworkdayjobs.com/CompassLexeconCareers/job/Chicago---CL/XMLNAME-2027-Analyst-Interns---US_JR261385","5 Locations","2026-10-03","US applications opened Sep 14; virtual info session Oct 7."
"Confirmed live (official ATS)","Compass Lexecon","Intern | Competition Practice | Berlin","https://fticonsulting.wd108.myworkdayjobs.com/CompassLexeconCareers/job/Berlin-Germany/Intern---Competition-Practice---Berlin_JR261308","Berlin, Germany","2026-10-03","US applications opened Sep 14; virtual info session Oct 7."
"Confirmed live (official ATS)","Compass Lexecon","Intern | Competition Practice | Brussels","https://fticonsulting.wd108.myworkdayjobs.com/CompassLexeconCareers/job/Brussels-Belgium/Intern---Competition-Practice---Brussels_JR261310","Brussels, Belgium","2026-10-03","US applications opened Sep 14; virtual info session Oct 7."
"Confirmed live (official ATS)","Compass Lexecon","Intern | Competition Practice | Düsseldorf","https://fticonsulting.wd108.myworkdayjobs.com/CompassLexeconCareers/job/Dusseldorf-Germany/Intern---Competition-Practice---Dsseldorf_JR261312","Dusseldorf, Germany","2026-10-03","US applications opened Sep 14; virtual info session Oct 7."
"Confirmed live (official ATS)","Compass Lexecon","Intern | Competition Practice | Helsinki","https://fticonsulting.wd108.myworkdayjobs.com/CompassLexeconCareers/job/Helsinki-Finland/Intern---Competition-Practice---Helsinki_JR261314","Helsinki, Finland","2026-10-03","US applications opened Sep 14; virtual info session Oct 7."
"Confirmed live (official ATS)","Compass Lexecon","Intern | Competition Practice | Madrid","https://fticonsulting.wd108.myworkdayjobs.com/CompassLexeconCareers/job/Madrid-Spain/Intern---Competition-Practice---Madrid_JR261344","Madrid, Spain","2026-10-03","US applications opened Sep 14; virtual info session Oct 7."
"Confirmed live (official ATS)","Compass Lexecon","Intern | Competition Practice | Milan","https://fticonsulting.wd108.myworkdayjobs.com/CompassLexeconCareers/job/Milan-Italy/Intern---Competition-Practice---Milan_JR261355","Milan, Italy","2026-10-03","US applications opened Sep 14; virtual info session Oct 7."
"Confirmed live (official ATS)","Compass Lexecon","Intern | Competition Practice | Paris","https://fticonsulting.wd108.myworkdayjobs.com/CompassLexeconCareers/job/Paris-France/Intern---Competition-Practice---Paris_JR261357","Paris, France","2026-10-03","US applications opened Sep 14; virtual info session Oct 7."
"Confirmed live (official ATS)","Compass Lexecon","Intern | Energy Practice | Berlin","https://fticonsulting.wd108.myworkdayjobs.com/CompassLexeconCareers/job/Berlin-Germany/Intern---Energy-Practice---Berlin_JR260415","Berlin, Germany","2026-10-03","US applications opened Sep 14; virtual info session Oct 7."
"Confirmed live (official ATS)","Compass Lexecon","Intern | Energy Practice | Helsinki","https://fticonsulting.wd108.myworkdayjobs.com/CompassLexeconCareers/job/Helsinki-Finland/Intern---Energy-Practice---Helsinki_JR260519","Helsinki, Finland","2026-10-03","US applications opened Sep 14; virtual info session Oct 7."
"Confirmed live (official ATS)","Compass Lexecon","Intern | Energy Practice | London","https://fticonsulting.wd108.myworkdayjobs.com/CompassLexeconCareers/job/London-United-Kingdom/Intern---Energy-Practice---London_JR261417","London, United Kingdom","2026-10-03","US applications opened Sep 14; virtual info session Oct 7."
"Confirmed live (official ATS)","Compass Lexecon","Intern | Energy Practice | Paris","https://fticonsulting.wd108.myworkdayjobs.com/CompassLexeconCareers/job/Paris-France/Intern---Energy-Practice---Paris_JR261413","Paris, France","2026-10-03","US applications opened Sep 14; virtual info session Oct 7."
"Confirmed live (official ATS)","Compass Lexecon","Summer Intern | Competition Practice | London","https://fticonsulting.wd108.myworkdayjobs.com/CompassLexeconCareers/job/London-United-Kingdom/Summer-Intern---Competition-Practice---London_JR261342","London, United Kingdom","2026-10-03","US applications opened Sep 14; virtual info session Oct 7."
"Confirmed live (official ATS)","Cornerstone Research","Summer Analyst, London","https://uguk-chire.icims.com/jobs/4088/job","UK-London","2026-10-03",""
"Confirmed live (official ATS)","E.CA Economics","Intern at Economics Consultancy (m/f/d)","https://e-ca.jobs.personio.de/job/369975","Berlin","2026-10-03",""
"Confirmed live (official ATS)","Econ One","Summer Analyst (Healthcare Economics)","https://apply.workable.com/econ-one-research/j/7F427BA76D/","Los Angeles, California, United States","2026-10-03",""
"Confirmed live (official ATS)","Energy + Environmental Economics (E3)","2027 Consulting Internship","https://jobs.lever.co/ethree/4e029b3e-2c44-4f90-a04c-3980f4dedd57","San Francisco, CA; Boston, MA; New York, NY; Calgary, Alberta","2026-10-03",""
"Confirmed live (official ATS)","FTI Consulting (Economic Consulting)","2027 Industry Placement, Economic & Financial Consulting","https://fticonsulting.wd108.myworkdayjobs.com/FTIConsultingCareers/job/London-United-Kingdom/XMLNAME-2027-Industry-Placement--Economic---Financial-Consulting_JR260719","London, United Kingdom","2026-10-03",""
"Confirmed live (official ATS)","Integra FEC","(SPRING) Data Analyst Intern","https://job-boards.greenhouse.io/integra/jobs/5406100008","Austin, Texas","2026-10-03",""
"Confirmed live (official ATS)","Integra FEC","(SPRING) Research Analyst Intern","https://job-boards.greenhouse.io/integra/jobs/5406115008","Austin, Texas","2026-10-03",""
"Confirmed live (official ATS)","Integra FEC","(SUMMER) Data Analyst Intern","https://job-boards.greenhouse.io/integra/jobs/5406109008","Austin, Texas","2026-10-03",""
"Confirmed live (official ATS)","Integra FEC","(SUMMER) Research Analyst Intern","https://job-boards.greenhouse.io/integra/jobs/5406119008","Austin, Texas","2026-10-03",""
"Confirmed live (official ATS)","NERA Economic Consulting","NERA Summer Intern 2027 - London","https://mmc.wd1.myworkdayjobs.com/MMC/job/London---St-Botolph/NERA-Summer-Intern-2027---London_R_363208","London - St. Botolph","2026-10-03",""
"Confirmed live (official ATS)","NERA Economic Consulting","NERA Summer Internship (Summer 2028 Grads) (Multiple Locations)","https://mmc.wd1.myworkdayjobs.com/MMC/job/New-York---1166/NERA-Summer-Internship--Summer-2028-Grads---Multiple-Locations-_R_364008-1","6 Locations","2026-10-03",""
"Confirmed live (official ATS)","NERA Economic Consulting","NERA: Internship (Berlin and Frankfurt)","https://mmc.wd1.myworkdayjobs.com/MMC/job/Berlin---Linden-14/NERA--Internship--Berlin-and-Frankfurt-_R_281719-1","2 Locations","2026-10-03",""
"Confirmed live (official ATS)","Oxford Economics","2027 UK Placement Programme (London, Belfast & Oxford)","https://careers.oxfordeconomics.com/en/postings/0f831a56-2ad7-4ee9-a267-b5a2954f37d9","London, UK","2026-10-03",""
"Confirmed live (official ATS)","PRECISIONheor (Precision AQ)","Summer 2027 Internship, Market Access Consulting","https://job-boards.greenhouse.io/precisionaq/jobs/6205781004","New York, NY, USA","2026-10-03",""
"Confirmed live (official ATS)","PwC (Economics / Transfer Pricing / Forensics)","Capital Projects & Economics - ambito Infrastrutture, Trasporti e Logistica - Intern | Milano [ADV]","https://pwc.wd3.myworkdayjobs.com/Global_Campus_Careers/job/Milan/Capital-Projects---Economics----ambito-Infrastrutture--Trasporti-e-Logistica---Intern----Milano--ADV-_765299WD","Milan","2026-10-03",""
"Confirmed live (official ATS)","PwC (Economics / Transfer Pricing / Forensics)","Capital Projects & Economics Intern - ambito Infrastrutture, Trasporti e Logistica (Palermo)","https://pwc.wd3.myworkdayjobs.com/Global_Campus_Careers/job/Palermo/Capital-Projects---Economics-Intern---ambito-Infrastrutture--Trasporti-e-Logistica--Palermo-_614318WD","Palermo","2026-10-03",""
"Confirmed live (official ATS)","PwC (Economics / Transfer Pricing / Forensics)","Intern - International Tax & Transfer Pricing - Milano [TAX]","https://pwc.wd3.myworkdayjobs.com/Global_Campus_Careers/job/Milan/Intern---International-Tax---Transfer-Pricing---Milano--TAX-_747803WD-1","Milan","2026-10-03",""
"Confirmed live (official ATS)","PwC (Economics / Transfer Pricing / Forensics)","Tax - Transfer Pricing Off-Cycle Internship (Jan - Jun 27)","https://pwc.wd3.myworkdayjobs.com/Global_Campus_Careers/job/Singapore/Tax---Transfer-Pricing-Off-Cycle-Internship--Jan---Jun-27-_742311WD","Singapore","2026-10-03",""
"Confirmed live (official ATS)","PwC (Economics / Transfer Pricing / Forensics)","Transfer Pricing - Japanese Business Network (JBN) - Intern - Summer 2027","https://pwc.wd3.myworkdayjobs.com/US_Entry_Level_Careers/job/IL-Rosemont/Transfer-Pricing---Japanese-Business-Network---Intern---Summer-2027_756415WD","2 Locations","2026-10-03",""
"Confirmed live (official ATS)","PwC (Economics / Transfer Pricing / Forensics)","Transfer Pricing Intern – January 2027","https://pwc.wd3.myworkdayjobs.com/Global_Campus_Careers/job/Genve/Transfer-Pricing-Intern---January-2027_759675WD","Genève","2026-10-03",""
"Confirmed live (official ATS)","Secretariat","Intern, Damages & Valuations (Summer 2027)","https://job-boards.greenhouse.io/secretariatadvisorsllc/jobs/4401619009","Denver, Colorado, United States","2026-10-03",""
"Confirmed live (official ATS)","Secretariat","Intern, Damages & Valuations (Summer 2027)","https://job-boards.greenhouse.io/secretariatadvisorsllc/jobs/4401579009","Los Angeles, California, United States","2026-10-03",""
"Confirmed live (official ATS)","Secretariat","Intern, Damages & Valuations (Summer 2027)","https://job-boards.greenhouse.io/secretariatadvisorsllc/jobs/4401585009","Washington, District of Columbia, United States","2026-10-03",""
"Confirmed live (official ATS)","Secretariat","Intern, Damages & Valuations (Summer 2027)","https://job-boards.greenhouse.io/secretariatadvisorsllc/jobs/4401614009","Chicago, Illinois, United States","2026-10-03",""
"Confirmed live (official ATS)","Secretariat","Intern, Damages & Valuations (Summer 2027)","https://job-boards.greenhouse.io/secretariatadvisorsllc/jobs/4419648009","Downtown Boston, MA","2026-10-03",""
"Confirmed live (official ATS)","Secretariat","Intern, Damages and Valuations","https://job-boards.greenhouse.io/secretariatadvisorsllc/jobs/4279106009","München, Bavaria, Germany","2026-10-03",""
"Confirmed live (official ATS)","Secretariat","Intern, Economics (Summer 2027)","https://job-boards.greenhouse.io/secretariatadvisorsllc/jobs/4408897009","Washington, District of Columbia, United States","2026-10-03",""
"Confirmed live (official ATS)","Stout","Summer 2027 Intern - Disputes Claims & Investigations: Chicago","https://stout.wd5.myworkdayjobs.com/Stout-Student-Careers/job/Chicago-IL/Summer-2027-Intern---Disputes-Claims---Investigations--Chicago_r2180-1","","2026-10-03",""
"Confirmed live (official ATS)","Stout","Summer 2027 Intern - Disputes, Claims & Investigations: Cleveland, OH","https://stout.wd5.myworkdayjobs.com/Stout-Student-Careers/job/Cleveland-OH/Summer-2027-Intern---Disputes--Claims---Investigations--Cleveland--OH_r2181-1","","2026-10-03",""
"Confirmed live (official ATS)","Stout","Summer 2027 Intern - Disputes, Claims & Investigations: Philadelphia","https://stout.wd5.myworkdayjobs.com/Stout-Student-Careers/job/Philadelphia-PA/Summer-2027-Intern---Disputes--Claims---Investigations--Philadelphia_r2182","","2026-10-03",""
"Confirmed live (official ATS)","Stout","Summer 2027 Intern - Disputes, Claims & Investigations: San Diego","https://stout.wd5.myworkdayjobs.com/Stout-Student-Careers/job/San-Diego-CA/Summer-2027-Intern---Disputes--Claims---Investigations--San-Diego_r2184-1","","2026-10-03",""
"Confirmed live (official ATS)","Stout","Summer 2027 Intern - Disputes, Claims & Investigations: Washington, DC","https://stout.wd5.myworkdayjobs.com/Stout-Student-Careers/job/Washington-DC/Summer-2027-Intern---Disputes--Claims---Investigations--Washington--DC_r2185-1","","2026-10-03",""
"Confirmed live (official ATS)","Technopolis Group","Full time paid Internship / Stage Paris","https://technopolis-group.jobs.personio.com/job/2247787","Paris","2026-10-03",""
"Confirmed live (official ATS)","The Brattle Group","Energy Analyst Intern (Economics) - Summer 2027","https://job-boards.greenhouse.io/thebrattlegroup/jobs/4735999005","Boston, Massachusetts, United States","2026-10-03","Secondary deadline Oct 12."
"Confirmed live (official ATS)","The Brattle Group","Energy Analyst Intern (Economics) - Summer 2027","https://job-boards.greenhouse.io/thebrattlegroup/jobs/4736066005","Toronto, Ontario, Canada","2026-10-03","Secondary deadline Oct 12."
"Confirmed live (official ATS)","The Brattle Group","Research Analyst Intern (Economics & Finance) - Summer 2027","https://job-boards.greenhouse.io/thebrattlegroup/jobs/4735791005","New York, New York, United States","2026-10-03","Secondary deadline Oct 12."
"Confirmed live (official ATS)","The Brattle Group","Research Analyst Intern (Economics & Finance) - Summer 2027","https://job-boards.greenhouse.io/thebrattlegroup/jobs/4735518005","Washington, District of Columbia, United States","2026-10-03","Secondary deadline Oct 12."
"Confirmed live (official ATS)","The Brattle Group","Research Analyst Intern (Economics & Finance) - Summer 2027","https://job-boards.greenhouse.io/thebrattlegroup/jobs/4735519005","San Francisco, California, United States","2026-10-03","Secondary deadline Oct 12."
"Confirmed live (official ATS)","The Brattle Group","Research Analyst Intern (Economics) - Summer 2027","https://job-boards.greenhouse.io/thebrattlegroup/jobs/4735673005","New York, New York, United States","2026-10-03","Secondary deadline Oct 12."
"Confirmed live (official ATS)","The Brattle Group","Research Analyst Intern (Economics) - Summer 2027","https://job-boards.greenhouse.io/thebrattlegroup/jobs/4735674005","Washington, District of Columbia, United States","2026-10-03","Secondary deadline Oct 12."
"Confirmed live (official ATS)","Trinity Life Sciences","VAP Summer Associate (NY)","https://trinitylifesciences.wd108.myworkdayjobs.com/Trinity/job/New-York-NY/VAP-Summer-Associate--NY-_JR100764-1","New York, NY","2026-10-03",""
"Confirmed live (official ATS)","Trinity Life Sciences","VAP Summer Associate (SF)","https://trinitylifesciences.wd108.myworkdayjobs.com/Trinity/job/San-Francisco-CA/VAP-Summer-Associate--SF-_JR100765-1","San Francisco, CA","2026-10-03",""
"Confirmed live (official ATS)","Trinity Life Sciences","VAP Summer Associate (Waltham)","https://trinitylifesciences.wd108.myworkdayjobs.com/Trinity/job/Waltham-MA---Headquarters/VAP-Summer-Associate--Waltham-_JR100763","Waltham, MA - Headquarters","2026-10-03",""
"Hand-checked: Open","Berkeley Research Group","2027 Summer Associate (Intern)","https://thinkbrg.wd5.myworkdayjobs.com/en-US/BRG_External_Career_Site/job/XMLNAME-2027-Summer-Associate--Intern-_JR100976","Washington, DC / New York + other US offices","2026-09-27","Final deadline Oct 16"
"Hand-checked: Open","KPMG (Economic & Valuation Services)","Intern, Economic Valuation Services - Transfer Pricing | Summer 2027","https://www.kpmguscareers.com/jobdetail/?jobId=137278","Multiple US locations","2026-09-27","Rolling"
"Hand-checked: Open","KPMG (Economic & Valuation Services)","Intern, Economic Valuation Services - Valuation | Summer 2027","https://www.kpmguscareers.com/jobdetail/?jobId=137279","Multiple US locations","2026-09-27","Rolling until filled"
"Hand-checked: Open","Kroll","Intern, Expert Services (Summer 2027) - New York","https://careers.kroll.com/en/job/new-york/intern-expert-services/21015015","New York, NY","2026-09-27","Litigation damages / expert services"
"Hand-checked: Open","Kroll","Intern, Expert Services (Summer 2027) - Boston","https://careers.kroll.com/en/job/boston/intern-expert-services/21015012","Boston, MA","2026-09-27",""
"Hand-checked: Likely open - confirm","Bates White","Summer Consultant (2027)","https://www.bateswhite.com/careers/current-openings","Washington, DC","2026-09-27","Rolling; apply via the site's viRecruit link"
"Hand-checked: Likely open - confirm","Keystone Strategy","2027 Summer Associate / Summer Consultant","https://www.keystone.com/careers","Boston / New York","2026-09-27","Firm says it is recruiting for Summer 2027"
"Hand-checked: Likely open - confirm","RSM (Transfer Pricing)","International Tax Transfer Pricing Intern - Summer 2027","https://rsmus.com/careers/starting-your-career/internships.html","Multiple US incl. Boston","2026-09-27","Seen on aggregators only"
"Hand-checked: Likely open - confirm","Oxera","Intern - Competition","https://careers.oxera.com/jobs/6338765-intern-competition","UK + European offices","2026-09-27","UK/FR/BE round usually closes end of October"
"Hand-checked: Likely open - confirm","Oxera","Intern - Finance and Valuation","https://careers.oxera.com/jobs/6338900-intern-finance-and-valuation","UK + European offices","2026-09-27",""
"Hand-checked: Likely open - confirm","Oxera","Intern - Analytics","https://careers.oxera.com/jobs/6338892-intern-analytics","UK + European offices","2026-09-27",""
"Hand-checked: Likely open - confirm","RBB Economics","Internship (competition economics) - rolling CV applications","https://www.rbbecon.com/careers/","London + other offices","2026-09-27","Email vacancies@rbbecon.com; no deadline"
"Hand-checked: Likely open - confirm","Copenhagen Economics","Student in Economics (part-time student role)","https://copenhageneconomics.com/careers/student-in-economics/","Copenhagen / Stockholm / Helsinki","2026-09-27","Part-time, not a summer internship"
"Hand-checked: Likely open - confirm","KPMG Singapore Economics & Regulation","Advisory - Consulting, Economics & Regulation | Off-cycle Internship (Jan-Jun 2027)","https://careers.kpmg.com.sg/go/Interns-Advisory/573844/","Singapore","2026-09-27",""